:020000040800F2
:1000000098440020D500000815250108C1FF00080C
:1000100000000000000000000000000000000000E0
:100020000000000000000000000000007F48010800
:1000300000000000000000009D280108E1660108A2
:10004000E7000008E70000087F360108E700000825
:10005000E700000859C2000869C2000879C2000818
:10006000E7000008E7000008E7000008B1C000084A
:10007000E7000008E7000008E7000008E7000008C4
:10008000C9690108E7000008E70000080000000057
:10009000E7000008E7000008E7000008E7000008A4
:1000A000E7000008E7000008E7000008697201089F
:1000B00079720108E700000800000000E70000086E
:1000C0000348854600F090FD004800479F870108DF
:1000D000984400200448804704480047FEE7FEE7B4
:1000E000FEE7FEE7FEE7FEE781690108C1000008C0
:1000F00030B50B46014600202022012409E00D46C0
:10010000D5409D4205D31D469540491B2546954047
:1001100040191546521E002DF1DC30BD70B500248B
:100120002546002801DA01244042002901DA012590
:100130004942FFF7DDFFAC4200D04042002C00D026
:10014000494270BDF0B51FB40646002082B0054696
:100150004024019100901BE0019922460F46304651
:1001600000F0EEFB049A059B801A994110D31046CB
:100170001946224600F0D4FB361A8F4101972246D9
:1001800001200021009F00F0CBFB38184D4100906A
:100190002046641E0028DFDC019B00982946324679
:1001A00007B0F0BD03460B439B0703D009E008C925
:1001B000121F08C0042AFAD203E00B780370401C17
:1001C000491C521EF9D27047D2B201E00270401CA5
:1001D000491EFBD270470022F6E710B513460A46C7
:1001E00004461946FFF7F0FF204610BD30B504461F
:1001F0000020034600E05B1C934203D2E05CCD5C30
:10020000401BF8D030BD0321001D401E03781202B0
:100210001A43491EF9D510467047F8B502464A40C0
:10022000D40F42004B0052085B089A4202D20246A9
:10023000084611464A0023D0C30D4A00DDB2120E13
:10024000AD1A202D35DA49020126490AF6058A1928
:10025000002C00D0524220214F1B1146B9402A41A8
:100260001018C20D9A4221D0002C17D0012D08DCA5
:10027000DA05801AD20F8019D207DBB200F08CFBAE
:10028000F8BDDA05801A012340001B06C01880184B
:100290005A428018CA0F1043490007E04908C207B4
:1002A0001143DA05801A80194008801800F06CFBB1
:1002B000F8BD61000122511A001BF7E70122D207A5
:1002C0005140AAE70122D2075040A6E7024670B586
:1002D0004A40D30FDB0740002DD04A002AD0010E40
:1002E000140E000212020919400A520A8418E5018C
:1002F00004465443000A120A2E045043A41942191A
:10030000200CC543AA18120C0125AD03521C52192A
:1003100012047F39240400D0521C104301D4400041
:10032000491EC2B20C06C0092018401C4008802A91
:1003300002D003E0002070BD40084000002900DA30
:100340000020184370BD70B502464A40D50F4000EA
:100350004A00ED0740085208002814D0002A12D0A5
:10036000C40DD30D41020120C0055202490A520AB0
:10037000E41A091812187D34914201D3641C00E07C
:100380004900002C01DA002070BD0023914201D306
:10039000891A0343400849000028F7D100290AD0F0
:1003A000914202D10121C90705E0914201D2012108
:1003B00001E00121C943E005C018401900F0E4FA4A
:1003C00070BD0000F0B507460846584087B0C00F22
:1003D000049048000E46590040084908BC1A88415C
:1003E00005D2384631461E4617460B46024658008F
:1003F000400810434CD0300D039040055900400D8B
:10040000490D0590401A0290402872DA1803012124
:10041000000B09050843019004980092002805D0BC
:100420000199524200208841009201900298402197
:100430000A1A0199009800F073FA05460C466B46BB
:1004400007CB00F08EFAC0197141039A0E0D0023FC
:10045000D71756401A467A40164344D0049A002AC9
:100460002DD0029A012A039A15DC1205C01A914177
:1004700001263605001C7141D20F059ED20700935C
:10048000019202962A46234600F0CCFA07B0F0BD4E
:1004900038463146FAE71605224A0F46B218C01A06
:1004A000B74101210905001C4F4100187F41114649
:1004B00018187941E20F10436D19644113E0E20707
:1004C0006D0815436408C2071443039A01261205F8
:1004D000C01A91413605001C7141CE0740083043D7
:1004E0004908C01851412A46234600F08EFACDE74C
:1004F000FFE7049801224000C117121A00238B4124
:1005000004983146C417381AA141EEE730B40124EB
:10051000E407634030BC55E730B40124E407614090
:1005200030BC4FE70000E0FFF0B51FB488B00B9976
:100530000998002448400999C00F490049080991C9
:10054000C0070B990090490049080B910999089838
:10055000A64608431CD00B990A98084318D009985E
:1005600001244000420D4800410D09982405000374
:10057000000B204309900B980003000B20430B90C5
:1005800050181C494018002201901446104605E0FE
:10059000002001460DB0F0BD032801DA034600E05B
:1005A00003239C46C11A0AAE0AE05F0008ADED5B6A
:1005B0004F00F75B7D430027AA187C41491C5B1E56
:1005C0006145F2DD410004AB5A522104120C0A438A
:1005D000240C401C0828DFDB01980290009970462B
:1005E00001910090059B049A0799069800F01AFA69
:1005F000D0E700000DFCFFFFF0B50C465C4085B075
:10060000E40FE40703944C00002664085900944664
:10061000490802460296224321D062460A431ED070
:100620006200570D4A000E032303550D01240246B4
:100630002C492405781B1B0B360B401823432643FB
:10064000614600901C46501AB44103D30098401CE8
:10065000009002E0921800985B41002803DA002025
:10066000014605B0F0BD0020012109050746864678
:1006700011E064461D46141BB54106D36546521B66
:10068000B341744607430C43A646CD0740084908CA
:10069000284392185B4105460D43EAD110461843A2
:1006A00013D06046194650407140084306D060465A
:1006B000101AB34106D20122002306E000220123D2
:1006C000DB0702E00122D243531000987446010573
:1006D000381C6141029C039D0019694100F095F9A5
:1006E000BFE70000FD03000070B54B005B0803434B
:1006F0000BD04B005C0D002633466542B341D41746
:10070000AD1AA34102DB0020014670BD120530186E
:10071000514170BDC217C10F504010B54018CA07F3
:100720009623002100F038F910BD10B50022962361
:10073000114600F031F910BD0EB5C217C10F50407F
:10074000CA0740180021054B0293019200910A4606
:100750000B4600F067F903B000BD00003304000051
:100760000EB505490291002100910A460B46019100
:1007700000F058F903B000BD33040000C20F41007F
:1007800040020123400ADB05D207090EC0187F2969
:1007900001DA00207047962903DC9623591AC840D5
:1007A00001E096398840002AF4D040427047410069
:1007B00040020122400AD205090E80187F2901DA81
:1007C00000207047962903DC9622511AC8407047D2
:1007D000963988407047000070B5CD0F4A00090374
:1007E0000123090B1B0519430B4BED070024520D88
:1007F0009A4201DA002070BD074B34339A4203DC81
:100800009A1A00F09DF802E00449511888402C43E0
:10081000F1D0404270BD0000FF030000CDFBFFFFA0
:100820004A0009030123090B1B051943094B10B5A5
:10083000520D9A4201DA002010BD064B34339A4221
:1008400003DC9A1A00F07CF810BD03495118884067
:1008500010BD0000FF030000CDFBFFFFC20FD20759
:10086000400040080BD0C10D0723DB01C91840022E
:100870000905400A1143C208400711437047002090
:100880000146704710B5002904DB0124E40740420B
:100890008C412146002B04DB1C460123DB0752421E
:1008A000A3418B4200D1824210BD000010B5002947
:1008B00004DB0124E40740428C412146002B04DB89
:1008C0001C460123DB075242A341994200D19042CA
:1008D00010BD0000CB0FDB07490010B549080246E8
:1008E0000A4307D00A0D07240903E401090B121B70
:1008F000002A01DC002010BDC900440F0C43C100D8
:10090000E018D205801800F03FF810BD0122D20790
:10091000002800DB101A002900DB511A88427047BA
:1009200010B5202A04DB0146203A9140002010BD7A
:10093000914020239C1A0346E3401943904010BD88
:1009400010B5202A04DB0846203AD040002110BD13
:100950000B46D340D0402024A21A914008431946A8
:1009600010BD10B5202A06DBCB170846203A1041EF
:10097000C1170B4306E00B461341D0402024A21AB6
:1009800091400843194610BD002904DA401C490073
:1009900001D140084000704770B40024050C05D117
:1009A0001024000402D1002921D01124050E01D108
:1009B00000020834050F01D10001241D850F01D16B
:1009C0008000A41C002801DB4000641C002908D022
:1009D00020252E1B0D46F540A14000D001212943C2
:1009E000084301061B1B000ADB1D02D5002070BC5A
:1009F0007047DB05181880180029F8DA401C4900F8
:100A0000F5D170BC40084000704710B5002B08DAE3
:100A10000024401C614192185B411A4301D14008F7
:100A2000400010BDF0B51FB482B005460C0003D0E5
:100A3000084616F0E9FC02E016F0E6FC203002461B
:100A4000009021462846FFF76BFF049B059A044659
:100A50000F4618431143084314D0184610431BD0C7
:100A6000009840210A1A18460599FFF769FF0546C4
:100A70000E46009A05990498FFF752FF084305D0E7
:100A8000012004E02046394607B0F0BD0020C11720
:100A900005430E432C43374300990E986305401AD3
:100AA0007905E40A00220C43FD0A0A3002D5002031
:100AB0000146E9E70105101969410C9C0D9D0019DB
:100AC0006941FFF7A2FFDFE7FEB500231A461B1AB4
:100AD0008A4103DB0020014603B0F0BD4A000D034C
:100AE00001212D0B0905520D0D43D10702D100182C
:100AF0006D41521E5110FF31FF3101310027044674
:100B00003E46384600970191024601210020090522
:100B1000FFF716FFC3197141F818324684468E4616
:100B20004A4161462846611A904104D36046241A1E
:100B3000954176461F46241900986D41401C00904F
:100B40003428E1DDF91930467041091BA84103D270
:100B50000022D243134601E000221346019801050A
:100B6000381C7141FFF751FFB6E70000F8B50546A4
:100B7000480040080C46284304D06000184A400D45
:100B8000904201DD2846F8BD15493539884210DC10
:100B900088420BDB290D200308432903014305D0BC
:100BA000E00F1049C00741180020F8BD00200146A1
:100BB000F8BD161A4020821B28462146FFF7B0FEDA
:100BC00007460091284621463246FFF7B9FE3A46CD
:100BD000009BFFF71AFF3246FFF7A2FEF8BD0000A8
:100BE000330400000000F03F064C0125064E05E0EE
:100BF000E36807CC2B430C3C98471034B442F7D33E
:100C0000FFF762FAD0940108F0940108420005D081
:100C10004200120E52428A4201DB00207047C90591
:100C20000818704770B58C180578401C6B075B0F6F
:100C300001D10378401C2A1106D10278401C03E040
:100C400006780E70401C491C5B1EF9D12B0705D499
:100C50000023521E0DD40B70491CFAE70378401C88
:100C6000CB1A921C03E01D780D70491C5B1C521EB0
:100C7000F9D5A142D8D3002070BD000038B5044694
:100C8000064805490068FFF733FA604300E0401E5C
:100C900000900028FBD138BD40420F0038100020E2
:100CA000F8B50446006881688907890F012902D1D7
:100CB0000168C90722D18168114A10261140012517
:100CC00000290ED18168294381600120FFF7D6FFFA
:100CD0000CF016F807460CE00CF012F8C01B0A28BE
:100CE00007D9A06D3043A065E06D2843E065012081
:100CF000F8BD20680068C043C007EDD10020F8BDF2
:100D000017000080F0B589B00C460746102200217C
:100D1000684617F0AFFD69462246084617F07CF892
:100D200068460078872600066A4600280FDA002009
:100D30001318115C5B784900DB0919431154401CFE
:100D40000F28F5DBD07B1146400070400DE00020FD
:100D50001318115C5B784900DB0919431154401CDE
:100D60000F28F5DBD07B11464000C873E11DF93137
:100D70004869102812D0107800061BD500201518DD
:100D8000135C6D785B00ED092B431354401C0F2856
:100D9000F5DBD07B13464000704019E0002021189D
:100DA000FF3101314B78155C401C6B404B701028B3
:100DB000F5DB26E000201518135C6D785B00ED096B
:100DC0002B431354401C0F28F5DBD07B1346400007
:100DD000D873E51D4B698020FA355855002300E093
:100DE00043554869401C48611028F9D30020211858
:100DF000FF3101314B78155C401C6B404B70102863
:100E0000F5DB002023181A46FF33E0320133517C12
:100E10005B78401C594051741028F3DB21461022A6
:100E2000F13104A817F00EFD2246394604A816F049
:100E3000F3FF10220021684617F01CFD09B0F0BD39
:100E400010B5044610220021F13017F013FDFF20E9
:100E5000002115300151F022204617F00BFD10BD86
:100E60000B4610B502461021184616F0FFFF10BDC4
:100E7000F0B50646FF3087B00D4601300590F11DF4
:100E80004069FA310691103914460491002843D084
:100E900010210F1AA74200D317460699BAB240187C
:100EA000294617F0CFFC059805994069C01948619B
:100EB00010283AD3BC4238D0002031180A46FF31FE
:100EC000E0320131537C4978401C4B405374102868
:100ED000F3DB04993246084616F09EFFED19E41B39
:100EE0001AE00022B018E030417CAB5C521C594043
:100EF0004174102AF6DB10226846049917F0A2FC10
:100F000069463246084616F087FF10226946049863
:100F100017F098FC103C1035102CE2D8A2B22946EC
:100F2000069817F08FFC0598446107B0F0BD0000EB
:100F300038B5114C206FFF30FF300230C17D827D0B
:100F4000914217D2082915D8491CC175206FC907CD
:100F500010D021216A461170FF210131095C917086
:100F6000D521095C51700078694613F090FA216F21
:100F7000C031487538BD0000A8180020FFB5102505
:100F800004464557112085B0205601900898A16865
:100F900001606079002701283DD169460870A07C76
:100FA0008870E07C13F073FA46B2B54200DC354637
:100FB000B54203D10898002101602CE0A189A06806
:100FC000884208D30720694608700127E07C13F0A7
:100FD0005EFA40B20190A089E1894218A06882427D
:100FE00019D8FFF785F8012915D121206946087025
:100FF0004D70A07C8870E07C13F049FA45B2B54290
:1010000009D120790027012805D169460873E07CC1
:1010100002A913F045FA069805700799019808701F
:10102000384609B0F0BD0000FEB51C4C1122216FFE
:1010300052018A18127900250126002A6A462AD010
:101040001670FF3101318A7C69468A70144FC8706E
:10105000B86C15F0A2FD0190E06802900F48694657
:101060004D706030407B400706D500200FF0CAFA73
:10107000002801D068464670206F6946007812F05B
:1010800021FB216FE068FF31FF310231898B414341
:10109000081A7864FEBD1570D3E70000A818002078
:1010A000A817002030B50024074B43431B0D04D084
:1010B000E4183C256B43C01AF6E73C2801D33C38C2
:1010C000641C10600C6030BD4444000000220749DD
:1010D0004143890D04D052183D235943401AF6E785
:1010E0003D2800D3521C104670470000970C0100A9
:1010F000024610B589074000002902D03B2A02D3DE
:101100000BE03C2A02D2FFF7E1FF10BDD52A01D245
:10111000783805E0FF38AB3808E0D42A04D27638B6
:10112000FFF7D4FF801C10BDFF38A938FFF7CEFFB2
:10113000C01D10BD0449C96D002903D0896800296C
:1011400000D0084770470000A8170020F0B587B00E
:101150001D4614460F4606000CD0002D0AD0134839
:101160000490FFF76DFE05A920460BF0A5F90400D9
:1011700003D019E0022007B0F0BD05990498491C7E
:10118000FFF76EFE3A4631460498FFF771FE684657
:101190000499FFF7B7FD00A80130FFF734F869465E
:1011A00009780002084328602046E4E7281F002051
:1011B000FFB5C7B0539E17460C46050008D0002E59
:1011C00006D0FF200130844204D90B204BB0F0BD83
:1011D0000720FBE7FF221132002103A817F04AFB8A
:1011E000519803AA6B46529907C339462046509B33
:1011F0004A9A11F055FB2246294607A817F022FB10
:101200001034A1B233463A4603A814F05DFF00281B
:10121000DCD00C20DAE7FFB5C9B0569E17460C4665
:10122000050008D0002E06D0FF200130844204D9EA
:101230000B204DB0F0BD0720FBE7FF22113200214B
:1012400004A817F017FB53A807C8009004AB01A827
:101250000EC039462046529B4C9A11F053FB224651
:10126000294608A817F0EEFA1034A1B233463A46E0
:1012700004A814F029FF0028DBD00C20D9E7FFB523
:10128000002685B03746354630460096002440009B
:1012900003900799095A0120A04001422BD0291937
:1012A0000C2202915143089A5258002A23D0059AE1
:1012B000002A02D10006000E1DD008980918082047
:1012C00001910856021100070117069840B212F06A
:1012D000FCFB00280FD00198407A01010E980818F5
:1012E000C068002802D07F1CFFB204E00F9902986A
:1012F0008855761CF6B2641CE4B2102C01D2039817
:10130000C7E700981035401CEDB2C0B20090102D18
:10131000BCD310980770304609B0F0BD00B502F09C
:1013200089F80549002804D088898A8A904201D228
:10133000401C888100BD0000282F002030B51649D0
:1013400001244A7AC87A154B032A01D1072804D010
:10135000042815D0052812D10DE0487B04280ED1B1
:1013600002F068F8002803D09889998A884207D249
:101370000020987404E00A48007C002800D19C7486
:1013800007482030807C002800D09C749889998A76
:10139000884200D39C7430BD28260020282F0020CE
:1013A000282700200548C18A002906D10179002993
:1013B00001D1417901710121C1827047A827002024
:1013C00010B5064C207B002807D102F0BDFA20732F
:1013D00015F0DDFB21464039886410BDA8260020A9
:1013E0000548418B002906D10179002901D14179B5
:1013F0000171052141837047A8270020F0B5CE4E2A
:1014000087B000200490717AF51DF07AF935002933
:101410001DD03446403C2246803205924032029232
:1014200060321746FF3460370134009201291AD028
:101430002246E03A0392FF3241320192022955D00E
:10144000032970D0002001F05BFB07B0F0BD00283D
:10145000FBD104F081FC287B002801D004F012FAB3
:1014600004F0BAF9F1E703F0C9FE0028EDD1F07AF3
:10147000012806D00228E8D10298407B012823D019
:1014800025E01420205605280DD0009989780129DF
:1014900002D1228C012A06D001280CD004280AD0BF
:1014A000012805D009E00099002088702084C3E05D
:1014B000B879002801D00821BFE00129C5D1208CCE
:1014C0000128C2D00621B8E00298007F0490059858
:1014D0003A7AC18D049810188142B6D9287C002828
:1014E000B3D1B17A307A00F02BF9AEE7052831D0CC
:1014F0000EDC924E032817D00428A6D104F0C2F9BE
:1015000001203146B0702031C87303F0FBFE9CE728
:10151000162850D0192898D104F0B4F90199012067
:101520008870087191E767E004F0ACF90120287336
:10153000B07004F011FC002887D000202873E881E7
:101540000120A07515F023FBA06115F020FB0121FF
:1015500038662EE004F096F901203071764820308C
:10156000C07E032801D00AF09BFC0298407B012832
:1015700002D10298007F049005983A7AC18D0498B0
:1015800010188142B1D92C21795E388E029A0B183D
:101590001421515E8B42A8DA2E22BA5E101A8842BC
:1015A000A3DD287C0028A0D1A877E87701990870EE
:1015B0000221012097E703F021FE012030715E48EF
:1015C0000A3803F003F8687F002805D1287B00283B
:1015D00002D1A87C002808D004F054F903980078C0
:1015E000002894D0052102207DE753493620403958
:1015F000085E04F033F8F1E703F000FE002886D11E
:10160000F07A0425062837D0072818D0082889D171
:1016100003F0B0FF207D052809D0009880780128CC
:10162000C1D1208C012802D004F02CF94AE700999E
:1016300000208870208475730721032053E701F090
:101640006BF914202056012800D134E70428FCD07F
:10165000012802D1B9790029F7D1009989780129A7
:1016600002D1228C012AE1D10528E0D001299AD1AA
:10167000208C0128DBD0E8E60398C078002834D01D
:1016800001203071208CFF3815380ED0012819D078
:101690000A2802D014282AD121E0274928204039DD
:1016A000085E03F0DBFF09211CE023492C204039B0
:1016B000085E088503F0D2FF03980078002816D052
:1016C00005210FE01C492E204039085E088503F0F3
:1016D000C5FF03980078002809D0062102E004F035
:1016E000D1F80A210198C17401E004F0CBF814206C
:1016F000205605280DD000998978012902D1218C26
:10170000012906D001280ED004280CD0012807D0CA
:101710000DE000990020887020847573072103E094
:10172000B879002803D00821032000F009F80099B7
:101730000020887089E6000028260020A8270020C5
:1017400010B50B4A537A834202D1D37A8B4209D027
:10175000032801D1107291725072D17206F042FBCF
:1017600006F028FC08F080F800F088FA10BD0000B0
:1017700028260020F0B5FF4E89B000243470747024
:101780000320F07001F08CF9FB498868FB4A904215
:1017900004D00120C00688600BF0E0FD15F0A2F82F
:1017A0000EF0D0F810F0D4FC06F060F8002801D15B
:1017B00006F0C6FA10F0E8FD10F01EFE10F044FC32
:1017C00010F0ACFD10F006FD10F036FD10F006FC38
:1017D00010F010FD10F0E8FC62B664200BF0ACF9DC
:1017E000012108460EF028FD7D20C0000BF0A4F971
:1017F000E34D03E00020401CA842FCDB09F0BAFFE7
:101800000028F7D104F0A0FA02F090FF07F0BAFC2C
:10181000FF25F53528460BF08FF904F079FD07F028
:101820002FFF28460BF088F9D248D64F04838483D3
:10183000FF30C1303C73009004852D0203E000208E
:10184000401CA842FCDB08F015FF0028F7D106F089
:1018500067F805F063FF002807D108F011FB08F0D6
:10186000B3F8002801D006F097F907F0A7F900288F
:101870000ED006F083F808F0FBF8002803D005F03E
:1018800067FF05F0A9FF05F0CBFF00280CD105E0AC
:1018900008F05CFC05200BF04FF9ECE708F0E4F9E8
:1018A000002801D006F02AF9B648A030007F0028B1
:1018B00009D105F0E9FF002805D108F06FFA0028EA
:1018C00001D006F05DFA05F048FB002841D0002069
:1018D000AC4DF870A03D022068732846C0300390DC
:1018E000007D2E46403E002805D001200AF09AF9DE
:1018F000347110F049FD10F047FDA34801228475B2
:101900008274C47484814038049084649F4804774E
:1019100006F074FD002007F02FF99D4802210172A6
:101920000021417293480524E40104190523DB01D9
:10193000C01821624162934860380190017504F03B
:101940000BFA904C203C002805D000202073E08149
:1019500003E00120BCE7012020730020A075E075A2
:1019600020766076A076E076207778733871A0775D
:10197000B873F87301200AF055F900200AF052F903
:1019800003F02CFA002801D0012020747948697BEB
:10199000A0300290022969D000207062308515F0D5
:1019A000F6F8B06405A803F0A1F9002829D002993F
:1019B00000208874607C401C607405200BF0BCF82B
:1019C0000020787005200BF0B7F806A803F0F0F9B6
:1019D000002822D00299002088740120207405205C
:1019E0000BF0AAF807A803F097F9002832D0029963
:1019F000002088740120207408F01EFA01994871B3
:101A00003FE06846808AF08530867085B08502990F
:101A10000120887400202074CFE769461820085EF2
:101A2000A882E882029A0121917400222274039A0A
:101A30002C23D35E984201DAE17701E00022E277BD
:101A4000039A2E23D35E984201DD3970C7E7002048
:101A50003870C4E76846808B288368830299012028
:101A600088740020207403F039F8C5E76420F085FD
:101A700002990120887400202074288268822883BB
:101A8000A8820025B586F586358735827582B582B0
:101A9000F582F87A01286BD0387B38733D4845735E
:101AA000C030056515F073F80499C86515F06FF836
:101AB0000499354F086620373846FD71A0304562DD
:101AC00005668030C5618565FF380138C564856469
:101AD000A03085700F21C1702C4904982031816796
:101AE0002D480146057720310D71C5840398C587BF
:101AF00000980580858215F04AF80399012648660A
:101B0000009805218170C570057185714572057752
:101B100001988575009845833E7215F038F8019953
:101B2000886115F034F80399086607F0CFFF019833
:101B30000584144840388570C57105720199CD62DD
:101B40000574057545758575C57514480AF0D0FE90
:101B50000C2113480DF056FA002111480DF052FAED
:101B600007F0C4FB0F480DF0B3F806F097FA1BE03E
:101B700047E00000E825002000ED00E000560008E6
:101B800000C4090048270020282F00202834002006
:101B90008828002028330020E8300020E03B002087
:101BA000943B00203C3B002006F06AFF224804F0F2
:101BB000ADFF09F0C3FBC8200AF0BEFF07F0CAFF63
:101BC000C8200AF0B9FF00210846FFF7B9FD0198C7
:101BD000867503F0D5FB184817492030457085708D
:101BE000C5704A8D524212B28A85CB8DCB860A8748
:101BF000057406704D868D86A37C2030002B0FD097
:101C00000FE0072008F0E6FB7D20C0000AF094FFFB
:101C100007F026FD01F0FEFB002001F0F1FB3DE79F
:101C2000C28FCA848A840A8505710198FF210181C7
:101C3000C57309B0F0BD0000E825002010B506F01E
:101C400097FB00F09DFF00F0A5F800F055F8FFF7B6
:101C5000D5FB07F0C7FB01F04FFA10BD10B5064CDD
:101C6000208B002807D12079002801D10520207180
:101C700001F06AFE208310BDA827002010B5074C94
:101C8000E08F002809D1204640300179002901D198
:101C90004179017101F058FEE08710BD68270020EE
:101CA00038B5134C208800281BD12079002801D199
:101CB0006079207101F048FE20800E4C20790028C8
:101CC0000FD0684603F028F8002807D0204680305F
:101CD000417C0A2906D2491C417405E06846008807
:101CE000208338BD01210174002009F09BFF38BD1D
:101CF000A8270020A826002070B5224A10790028C5
:101D000029D00020107110462038C38C117D5B1C37
:101D1000C384FE291FD100201B4C69235B012118BD
:101D2000C9184D7B897F8D4215D1401C0828F6DBF0
:101D30001448401C417D037D0802184343BA1148F2
:101D4000C01C417D047D0802204341BA0F4804892C
:101D50009C4201D0018170BDC38001810C4C507E3A
:101D600060770A4807494038008D1A311438C2B2EA
:101D7000204622776038806FFEF714FA0120A075A4
:101D800070BD000008310020E82500202833002025
:101D9000482F0020F0B58DB001200790FA4802903E
:101DA000807D00287ED0029900208875F7480121A7
:101DB0000C90017706F0ACF9F34860380890846F16
:101DC000F34821780390408F814201D0002969D1E6
:101DD000F04E02983246417F30462C300B90FF3255
:101DE0000C3861320590049239225201B2180092E7
:101DF00015225201B218099251225201B2180A92C8
:101E00003246FF3281320692803A01920720052243
:101E100000023546D201091F30184035B7180B00B3
:101E200015F022FB40213F413F3F3F5076833F90DA
:101E3000ADC9FDFCFBFAF9F83FF73F3F3F3F3FF6E6
:101E40003F3F3F3F3F3F3F3F3FF5F4F3F2F1F0EFBD
:101E5000EE3FEDECEBEAE9E8E7E6E5E4E3E2E1E0BA
:101E6000DFDEDDDCDB3F012005214902321852189C
:101E7000D279235C9A4201D000220792401C0928A3
:101E8000F4DB079800280CD00A980124847009F02C
:101E90007FFB05200AF050FE05F07EFEBA48603058
:101EA000047102E220E2601CFEF7ADF92179000224
:101EB000000A0906084301F06FFA14F068FE089959
:101EC000C865F2E1A17862780802104340BA00B216
:101ED000410404D50121C903084300B201E04004D4
:101EE000400C069A0021515E039A3E23D35E834242
:101EF00002DB814200DCF0840599012048700499DE
:101F0000E2788A742871E078012865D00220BCE06C
:101F1000F08C039AFF303E212D30515E00B2814299
:101F20000CDC0DE001202871BFE1F08C069AFF382F
:101F300000212D38515E00B2814201DAF084F1E7D0
:101F4000F184EFE7687A022802D1E87A0528A8D060
:101F500060780028708D00D04042B085A078E1788C
:101F6000002808D0708D002900D04042F08605205E
:101F70000499487499E1F08DF0860620F8E76078BE
:101F80000028708D00D04042B0850B9802F01EFBF7
:101F9000B08D3087F084F086059901204870049A4E
:101FA0000521917428710298007F022889D9089828
:101FB000806F807866E0A17862780802104340BAAA
:101FC000F8850298007F009003283CD9E01CFEF7BA
:101FD0001AF900BA000A23E056E0F9E3F9E3E6E370
:101FE00098E38EE3D9E2CFE2A0E27EE269E260E22A
:101FF0004DE247E28EE183E178E157E14CE13EE1D9
:1020000021E119E112E100E1FCE0F8E0E9E0E4E0BF
:10201000DDE0C7E0ADE0A2E070E05BE046E023E099
:10202000A179000208435C493863884202DD5B49BC
:1020300040183863E01DFEF7E6F800BA000AA17AFE
:102040000002084378630998007B002805D00098B7
:10205000032802D901F0A8FC01E001F04BFAF0845A
:10206000059901204870F6E3F08DF0840599012070
:102070004870049906228A7428710298007F01280A
:10208000F1D9607800280DD0002002F0B9FA0522BD
:102090000021D201B218084611620521C901711848
:1020A0004862D8E3022002F0ABFAD4E301980121A0
:1020B0000174C07A019A201840781081FF2806D058
:1020C000FE28D0D0D173642148431081C3E300209F
:1020D000D073C0E3A17862780802104340BA00B21E
:1020E000F0842E21715E002901DA4042F0840599C6
:1020F000012048700498E1788174ACE360786278DC
:10210000C109A078C9010002104340BA00B24204DC
:1021100004D50122D203104304B201E04404640C4C
:1021200006980027C75FE01B00B200290ED00028E8
:102130000CDBFF2180B22D31FDF7DAFF4000801962
:10214000FF30FF300230008C001904B203983E21AA
:10215000415EA14287DBA74285DCB4847BE3B08C7F
:10216000039AFF303E212D30515E00B2814209DCDE
:1021700016E0B08C069AFF3800212D38515E00B26F
:1021800081420DDAB08466E3482F0020E830002059
:1021900028270020E82500200095BA0A00D68AEA00
:1021A000B18458E30298007F01280ED96078012895
:1021B0000BD0F72803D0F62805D0012000E00A2034
:1021C00000F09EFC47E30920FAE70220F8E70B98AD
:1021D00002F0FCF9B08D30873DE3002002F06EF88C
:1021E00039E30298007F0B2887D904F0B5F904F091
:1021F000E7F964200AF0A0FC09F060F82BE304F092
:1022000059F9F9E704F060F825E36178FE480229FE
:1022100002D0012904D01EE3407E012803D01AE336
:10222000407E02289AD104F071FA14E3002001F0F4
:102230007DFEFFF723FD0EE3F448617801771C3043
:1022400009F02CFA07E3012005214902321852183F
:10225000D279235C9A4201D000220792401C0928BF
:10226000F4DBA07A617A0002084340BA04B207980E
:10227000002888D0204609F043FA7485EBE2601C00
:10228000FDF7C1FF00BA000A2179000208430C994A
:10229000886109F019FADEE2A0786178000208434B
:1022A0000C9940BA888209F01FFAD4E20120052176
:1022B000490232185218D279235C9A4201D0002286
:1022C0000792401C0928F4DB0798002884D0029864
:1022D000617A4177A27A027721460B312046FDF7D9
:1022E00061FF0299012088750DB0F0BDA07861787A
:1022F00000020843069940BA488109F0C1F9AAE2F0
:102300000A986178017008F0D7F80A98007809F007
:102310006BF8A0E2012005235B023218D118C979BD
:10232000225C914201D000210791401C0928F4DB76
:102330000798002886D0607A002802D001284BD068
:1023400092E020460A30FDF75EFF00BA000A617B8A
:10235000AE4E000208436036F06620460E30FDF7B0
:1023600052FF00BA000A617C000208433067204631
:102370001230FDF748FF00BA000A617D00020843F1
:10238000706720461630FDF73EFF00BA000A617EF6
:1023900000020843B06720461A30FDF734FF00BA48
:1023A000000A617F00020843F06720461E30FDF7F7
:1023B0002AFF00BA010A2046203042780902114360
:1023C00022343960617822780902114349BAB9830D
:1023D00001790998817247E020460A30FDF713FF22
:1023E00000BA000A617B00020843786020460E3084
:1023F000FDF709FF00BA000A617C00020843B860DB
:1024000020461230FDF7FFFE00BA000A617D00028F
:102410000843F86020461630FDF7F5FE00BA000AC2
:10242000617E00020843386120461A30FDF7EBFE5A
:1024300000BA000A617F00020843786120461E301E
:10244000FDF7E1FE00BA010A204620304278090279
:1024500011432234B961617822780902114349BAE3
:10246000F98301790998C172694A11460E39084603
:10247000303808F030FEFF20F5300AF05DFB022214
:1024800050213AE16078707108F0E4FDE3E15F48C3
:10249000012120304172A0786178000208435D4933
:1024A00040BA48430699086514F071FB0699C86460
:1024B000D1E106996078087409F0F6F801225649CE
:1024C0001BE1A17862780802104340BA7085217937
:1024D000E2780802104340BAF08505986179817668
:1024E00008F09EFE0122B52107E1601CA27801469A
:1024F00063781002184340BA78872279E378100293
:10250000184340BA3887487909790002084340BA2D
:10251000B8870998E1798177217A017308F0B0FED4
:10252000FF2101221F31002001F082FF0898836FF4
:1025300099785A7808021043DC7846BA202C00D9E2
:10254000D2E6181D2246314609F0E6F87D20C0008B
:102550000AF0F2FA22463146002001F069FF0298A3
:10256000017F201D81420CD90899896F085CF028F1
:1025700002D0F12802D004E00E2000E00F2000F08D
:10258000BFFA22463146B8E0A178627808021043CB
:10259000E27841BA202AD3D8AFE00198224620320F
:1025A0004079517A88427DD061781848CB07E0386D
:1025B000002B0BD0E378A6781B0233435BBAC383AE
:1025C000637926791B0233435BBA03848B0752D5A8
:1025D000E379A6791B0233435BBA4384637A267A94
:1025E0001B0233435BBA8384E37AA67A1B0233432C
:1025F0005BBAC384637B267B1B0233435BBA0385D0
:10260000E37BA67B1B0209E0682B002088270020C3
:102610009228002060EA00003602000033435BBAD3
:102620004385637C267C1B0233435BBA8385E37C52
:10263000A67C1B0233435BBAC385637D267D1B02E8
:1026400033435BBA0386E37DA67D1B0233435BBA4B
:102650004386637E267E1B0233435BBA8386E37E1A
:10266000A67E1B0233435BBAC386637F267F1B02B1
:1026700033435BBA03874B0705D5E67FA77F330259
:102680003B435BBA43870B070FD5537816781B0281
:1026900033435BBA8387234622335E781F78330245
:1026A0003B4300E02CE05BBAC387C8060ED55079E7
:1026B00013790002184343BA0198223403806079E9
:1026C000237900021843019B40BA5880880602D53E
:1026D0000198137A03710198527A4271084602F008
:1026E00033F900280CD10198407908F0BFFDFF2094
:1026F000F5300AF021FA0122B421002001F098FE01
:10270000A9E000986178C170814804F07BFB0099D2
:10271000887545E06178CA0705D0E278A37812028F
:102720001A4352BAC2848A0705D562792379120204
:102730001A4352BA02854A0705D5E279A3791202F3
:102740001A4352BA42850A0705D5627A237A1202E1
:102750001A4352BA8285CA0601D5A27AC2858A0670
:1027600001D5E27A02864A0601D5227B42860A0614
:1027700001D5627B82860098A27BC275644804F012
:102780008DF800280CD10098C07D08F00DFEFF20C8
:10279000F5300AF0D1F90122B621002001F048FEFF
:1027A00004F0D1FB0099887508F0C8FD53E000994A
:1027B00062788A76A17800290CD00021009AD1761F
:1027C000217911770F290AD0102905D0062108E0B8
:1027D0003EE039E00121F1E7217A490000E0217A69
:1027E000C91DC18700211D22920107E0089BCC1C56
:1027F0009B6F1B5D7418A4186371491CC38F8B42B7
:10280000F4DC0098C07E09F00DFA7D20C0000AF0CB
:1028100093F900983F49C07E06F068FA0446009894
:10282000C07E09F0FFF93B4A521F002C08D0032C50
:1028300008D0022010702146002001F01BFE0AE0A3
:102840000020F7E70120F5E7002001F07DFE02E01F
:10285000002001F07FFC02980424407F0A38030026
:1028600014F002FE170E0E0E0E0E0E0E0E0D0D19AA
:1028700019191F0D260D0D0D0D3C45470D0033E5B3
:1028800014F085F90899C865687B0028F7D16C7346
:10289000FFF7F4F928E50320687305990120887093
:1028A00031E0687A0228F5D007216C73032012E02A
:1028B000687A0228EED1E87A0428EBD10399002047
:1028C0008875C875C87608774876887604998873BD
:1028D000C87301210846FEF733FF05E5687B03282E
:1028E000D8D00228D6D00599012088700AE00220AD
:1028F00008E0687B0328CDD00228CBD005990120C1
:10290000887005206873FFF7B9F906F0ADFFEBE4B6
:10291000E82500202D2D0020FEB54E4D09202E4625
:10292000403E697B0002301801900B2000023018F5
:102930003746344620370090FF34B87861340B00B6
:1029400014F092FD0665041F232D128500280AD07D
:10295000012028713820305E02F080FE387800288F
:1029600001D005202075FEBD0028FCD00120287173
:102970002E20305E02F072FE38780028F3D0062058
:10298000F0E702F07FFF0A20ECE70028EBD00120FF
:1029900028712420305E02F061FE0920E2E7A07C6D
:1029A00020750198C06D14F0F8F800998969884283
:1029B00004D900206873FFF761F9FEBD787800281C
:1029C00022D025482449C07D8039002802D0087CC7
:1029D000002819D0C87B002813D0207C062810D0EE
:1029E00005280ED026200822305E8A5E904203DD44
:1029F000104602F033FEFEBD51428842F9DA08B2B9
:102A0000F7E72620305EF4E702F03CFFFEBD1148F8
:102A10000A3801F0DBFD012028713620305E02F01B
:102A20001DFE3878002801D0607C20750198C06DAB
:102A300014F0B3F800998969401A08498842E5D929
:102A400070790028E2D0042000F05AF8FEBD002082
:102A5000FAE700002826002068270020C027090088
:102A600010B5064C608D002807D12079002801D1CF
:102A70006079207100F086FF608510BDA8270020D6
:102A800010B5064CA08A002807D12079002801D172
:102A90006079207100F058FFA08210BDA8270020A7
:102AA000074800220749C2720B699B0000D501222A
:102AB000C27208690122D205104308617047000004
:102AC000482700204010024010B50B48007C002829
:102AD0000ED00024052006F06BFA06F0EDFB8C20EA
:102AE0000AF02AF805480AF029FC641C142CF1DBD2
:102AF00006F0FCFB10BD000008260020783B0020FB
:102B000070B50446801E7D25ED00030014F0ACFC7A
:102B10000F1414141B141B141B1414141B1B140962
:102B20001B00052000F06CFC14480021491C814268
:102B3000FCDB0AF05FFC06E007F037F8284609F0F6
:102B4000FBFF04F027FE204607F044FC284609F06E
:102B5000F3FF052000F054FC284609F0EDFF06F0D5
:102B6000C5FB0B2C06D00A2C04D0092C02D00AF08D
:102B700041FC70BD02F04CF970BD000000C40900BA
:102B8000F0B58DB000206946088088800881888172
:102B90000882FF4F8882F98A00297AD0F882FD489E
:102BA0000AF0CCFBFC480790027E0D21C901384693
:102BB000411808910B2109024418012A11D0F74944
:102BC000A0694518F6480A90C06D13F0E6FF064666
:102BD0000798806B13F0E1FF864205D20A98C06D1A
:102BE00004E00898856DEDE70798806B13F0D5FF3A
:102BF000EB49C0310979002908D0217F002905D08F
:102C0000A84203D90020207705F0E8FCE048E54E13
:102C100040300B90407A00280AD1307F002807D03E
:102C2000388B1921FDF764FA022901D101F048F926
:102C30004B21D74849014118727AFF308130069103
:102C40000990002A10D0C06C13F0A7FF0999096DF4
:102C5000884201D9002070724B21388BC900FDF7E2
:102C600047FA00294FD057E001F016F8A18A388BB7
:102C7000FDF73EFA00291CD10698C079002818D02B
:102C8000C8482038007F0028B07803D0002803D13E
:102C90000FE027E2002802D0C0B2401EB070C0078B
:102CA00023D0002001F00AFB002802D0B078401C9D
:102CB000B070A58A388B2946FDF71AFA6808814258
:102CC000CAD10698C0790028C6D0B74DA878002888
:102CD000C2D1E87800280CD0002001F04BFB00287E
:102CE000BAD1E878401EE870B6E7002001F01EF97E
:102CF000DAE70B98407A0028AED00428ACD0082040
:102D0000FFF7FEFEA8E70A98006E13F046FF216A5F
:102D1000884201D9FEF7B2FF9D483221008BFDF7B2
:102D2000E7F99B4D2F46C037803500290AD1387905
:102D3000002807D0A86C13F030FF9C49884201D9C5
:102D4000FEF73EFB9A48A18A8088914C80B2091810
:102D5000208BFDF7CDF9204620300A90002913D1B1
:102D60000B98407A00280FD004280DD00798007ED9
:102D7000012809D08F48007F002805D10698C07926
:102D8000002809D00020F07081481921008BFDF740
:102D9000AFF902291CD025E0F078082810D205F000
:102DA00093FBF0788249401CF0700520B070091D3B
:102DB00081480BF03CF87E484168490E4160E3E7EA
:102DC0000A98007C0028DFD10520FFF799FEDBE799
:102DD00003F03EFE794C0028A07514D00020A070AE
:102DE0002071E0706F48797B6038069002296ED0C0
:102DF0006748FF21008B2D31FDF77AF9694C803C43
:102E00006F2918D04AE06A480078002806D1604847
:102E100003F0BEFEA0756649012008705C4803F00F
:102E200003FFA0755A4803F0C9FEA075584803F087
:102E30004DFEA075D6E7684601F058FF002805D082
:102E4000607C0A2825D2401C607424E06846008813
:102E500068855F2803D9B97B7973E96B2964797B2D
:102E6000002904D0E88506984021417509E0286CC6
:102E700064225043E96BFDF751F9E885069900207B
:102E8000487500202074607441490120A031887485
:102E900004E001202074002008F0C4FE307F0028E8
:102EA00001D0192101E0FF212D31394E308BFDF782
:102EB0001FF90B2946D104A903A801F05DFF0028E2
:102EC00006D0607C0A2838D2401C607437E0C1E02C
:102ED00069460C20085E3882098A798200212174B3
:102EE00061740B9A527A002A02D0002806D021E0A1
:102EF00000281FD106990120487023E0294A2E207E
:102F0000C032105E099A3623D35E984212DA342317
:102F1000D35E98420EDD2348E030007A002809D0C5
:102F20000A984078002805D00698007C062801D031
:102F30000528DFD10698417004E0012020740020AC
:102F400008F070FEFF21308B2D31FDF7D1F8D32929
:102F500013D105A801F02CFF002805D0607C0A28B9
:102F600006D2401C607405E06846808AB88204E09E
:102F700001202074002008F055FEFF21308B2D31F8
:102F8000FDF7B6F8FB2930D10A98007C002817E03D
:102F9000E8250020783B0020682B002010B6FDFFBC
:102FA000E82E0020A827002008300020C0270900B4
:102FB000FC10002028340020883B0020082D002031
:102FC00013D102A801F0A8FE002805D0607C0A28D1
:102FD00006D2401C607405E068460089388304E02E
:102FE00001202074002008F01DFE308B0521FDF724
:102FF0007FF8012930D101A801F05AFD002805D041
:10300000607C0A2820D2401C60741FE068468088DB
:1030100001B26987607C401C4843296C41182964CF
:103020006A6A80186862288D401C2885E86B814296
:1030300001DC084600E02864002801DA002028644A
:1030400000202074607407E001202074002008F044
:10305000E9FD01E080214175234C0120A075207D10
:10306000E51F6075F93D687800280BD02046E030F8
:10307000007B2075288B1D4988420AD1207D0028BD
:1030800003D004E001F0ECFBF3E701F029FB06F0CC
:10309000A9FE08F0E3FD0798007E012809D10798F2
:1030A000806B13F07AFD1249884202D907980421F7
:1030B0000176288B0521FDF71BF8002908D106A809
:1030C00013F03CFB0899069808660A4913F052FB76
:1030D000288B0521FDF70CF8042901D101F0B6FA7F
:1030E00002F0D4FB0DB0F0BDE8260020B70B0000C5
:1030F000C0270900CC2C0020F8B5494E0025708B64
:10310000002877D00020708302F0E0FDB08B4549A5
:10311000454C884203D1E08920820020E08140486C
:103120004030C17A072905D1407B002802D1E089CF
:10313000401CE0813C4FA07D403F002804D0012886
:1031400014D0022834D128E0FEF7E8F8FEF7F6F8AC
:1031500000F070F9002827D0A07C002824D101209D
:10316000A075B86C401C0125B86423E0FEF7D6F8C2
:10317000FEF7E4F800F05EF9002802D0A07C0028F9
:1031800007D0A089A18A884212D30220A075012508
:1031900016E0B86C401CB86406E0FEF7BFF8FEF716
:1031A000CDF8A07C002803D0A07D012802D007E044
:1031B0000020EBE7B08B0A21FCF79AFF002905D02D
:1031C000B08BB421FCF794FF002900D10125174EE4
:1031D000307F002806D00020A081B864307707F047
:1031E0005FFF0125B07E002805D00120A0740021DA
:1031F000B17606E012E0F07E002805D00020A07431
:10320000F07607F057FF0125A07CE17C884201D0D1
:10321000E07401E0002D01D0FEF7C4F8F8BD000015
:10322000E82500209F050000282F00200827002007
:10323000F8B5524E0125F582348B5148002784425F
:1032400012D2FF212D312046FCF752FF002908D170
:103250007583B08B4B49884202D2401CB08300E09A
:10326000B783641C348300E03783474D286E13F026
:1032700094FC2C46803CE16988426CD2308B05215D
:10328000FCF736FF002949D12646C03E707A002857
:103290001CD0012843D0022844D003282DD1204639
:1032A0004030807C002808D00023082219460220E4
:1032B00004F0A2FF04F096FD1CE00023042219464E
:1032C000022004F099FF04F075FE13E0142020564C
:1032D000012806D0042804D0012805D1A8790028A7
:1032E00002D001232F2201E001230F22002102201E
:1032F00004F082FF707A002810D0244CE079002876
:103300000AD02546603DE86D13F047FC204E214A67
:10331000B1698918884208D904F0FAFEF8BD002383
:103320000E22E3E700230822E0E7E0790028F5D049
:10333000E86D13F032FCB169884206D901231A46C0
:103340000021022004F058FFF8BDE0790028FBD0EE
:1033500004F018FFF8BD286E13F01FFC7D22E16910
:10336000D20089188842F5D204F03CFD04F022FE18
:1033700004F0CEFE04F0AAFDF8BD0000E825002010
:10338000B80B00009F05000068270020482F002090
:10339000E8300020C0270900F8B50546164900208E
:1033A00000900C46886F8034462812D0606900284F
:1033B0000FD0096E2E1A081AFDF7B7F907463046E6
:1033C000FDF7B3F93946FCF7BEFF2169FCF77EFF34
:1033D000206165612846009913F044FAA1692069CB
:1033E000FCF76CFF400040080449FDF78FFA01D854
:1033F00007F0E4F8F8BD0000682C00206F12833A53
:1034000010B5034A0021126E101813F08DF910BD8B
:10341000682C002010B5064C208D002807D120799B
:10342000002801D16079207100F08EFA208510BD4E
:10343000A82700200F48017C827C4900920089184F
:10344000827DD2008918027E12018918427E5201C3
:103450008918C27E407F9201891800020918054828
:1034600020304078000308180004000C00D0012030
:1034700070470000282700201748027C017B52007B
:103480008918827C837D9200DB00D2188918027E25
:1034900012018918427E52018918C27E9201891850
:1034A000427F12028918827FC07F520289188002EF
:1034B0000918094820300278D2028918427812038C
:1034C0008918827852038918827BC07B92038918FD
:1034D000C003081880B27047282700200448817C68
:1034E000027C89005200007B89180818C0B270471E
:1034F00028270020F0B5F84C2E25655FF8480122FA
:10350000F64E2918F74B8FB0F7483271994213D312
:103510008274002001F074F8314605230020403900
:10352000DB01CB18024618620520C0010818426270
:103530003C20085E0FB0F0BDE7491C222031A25E9E
:103540000227097A0891AA427EDD87742846FDF792
:10355000F3F80022E54BFDF74FF8E54AE54BFCF7A1
:10356000E3FF0022E44BFDF747F80F46DA49064631
:1035700080390A91C86EFDF7DFF80022DF4BFDF7B6
:103580003BF803910A990290086FFDF7D5F80022E5
:10359000DA4BFDF731F832463B46FCF7C5FF0191A7
:1035A00000900A99486FFDF7C7F80022D34BFDF74A
:1035B00023F832463B46FCF7B7FF32463B46FCF762
:1035C000B3FF07910A990690886FFDF7B5F80022BE
:1035D000CA4BFDF711F832463B46FCF7A5FF3246D1
:1035E0003B46FCF7A1FF32463B46FCF79DFF0591A9
:1035F0000A990490C86FFDF79FF80022BF4BFCF7B3
:10360000FBFF32463B46FCF78FFF32463B46FCF75A
:103610008BFF32463B46FCF787FF32463B46FCF7C2
:1036200083FF0D910C902068FDF786F80022B34BC4
:10363000FCF7E2FF32463B46FCF776FF32463B465C
:10364000FCF772FF324600E070E03B46FCF76CFF8F
:1036500032463B46FCF768FF32463B46FCF764FFC8
:103660000B910A90019B009A03990298FCF7AAFE1D
:10367000079B069AFCF7A6FE059B049AFCF7A2FEA0
:103680000D9B0C9AFCF79EFE0B9B0A9AFCF79AFE88
:1036900004460898009101280ED00022984B20463D
:1036A000FCF734FF8D4A0523403ADB01D31818623A
:1036B0000520C001101841620120EBE0224630468F
:1036C0003946009BFCF77EFE00228B4BFCF72CFF5B
:1036D000874A884BFCF790FF0022844BFCF724FFBD
:1036E00014F0BAFF06460F4601E0002637467B4835
:1036F00005224038D2018218009914620522D201B5
:103700008018416200227F4B30463946FDF7CEF8E3
:103710007DD300227C4B30463946FDF7B3F877D293
:103720007A48002D75DD002874DBF8E01E21615E0B
:10373000A94270DA87742846FCF7FEFF00226B4B23
:10374000FCF75AFF6A4A6B4BFCF7EEFE00226A4B0D
:10375000FCF752FF06460F466068FCF7EDFF0022BB
:10376000664BFCF749FF03910290A068FCF7E4FF69
:103770000022624BFCF740FF32463B46FCF7D4FE8A
:1037800001910090E068FCF7D7FF00225B4BFCF74B
:1037900033FF32463B46FCF7C7FE32463B46FCF75A
:1037A000C3FE079106902069FCF7C6FF0022534B29
:1037B000FCF722FF32463B46FCF7B6FE32463B465C
:1037C000FCF7B2FE32463B46FCF7AEFE0591049094
:1037D0006069FCF7B1FF0022484BFCF70DFF324651
:1037E0003B46FCF7A1FE32463B46FCF79DFE3246C7
:1037F0003B46FCF799FE32463B46FCF795FE0D91A1
:103800000C90A069FCF798FF00223C4B04E054E0C8
:1038100056E05BE05EE07BE0FCF7EEFE32463B46C6
:10382000FCF782FE32463B46FCF77EFE32463B46C4
:10383000FCF77AFE32463B46FCF776FE32463B46C4
:10384000FCF772FE0B910A90019B009A0399029873
:10385000FCF7B8FD079B069AFCF7B4FD059B049A9C
:10386000FCF7B0FD0D9B0C9AFCF7ACFD0B9B0A9A84
:10387000FCF7A8FD044608980091032809D01748D2
:1038800005224038D201821814620522D201801824
:103890004162032000F0B4FE104905204039C00108
:1038A00008180522D2018918006A496A2246009B3D
:1038B000FCF7FCFF00D918E700E71448C04330E7E5
:1038C00030463946FCF788FF00B22AE7002D26DA99
:1038D000002824DD002022E068280020282600207F
:1038E00028230000514600004827002000005940CE
:1038F000182D4454FB210940008066400088C340D5
:103900000000F03FC0FFDF400000E0C00080FFFF8C
:1039100000248474022000F073FE347128460949A3
:10392000084AC97C603A08183E21515E00B28142C3
:1039300005DB40320021515E814200DCFAE5084699
:10394000F8E500008827002010B50B490B480AF065
:103950006EFA094A0A49083ACB799068D8405080F3
:103960000A7A8039898FC906C90E8B00C9184A4363
:103970001018C01C80B210BD04110020883B00202C
:10398000A827002010B5064906480AF050FA044955
:10399000192208398868800F5043488010BD000004
:1039A00004110020883B0020F0B5AE4899B00146D4
:1039B00040310B91FF3121310A910521C901401895
:1039C0000F90408FFCF7CCFE00900F980191008F74
:1039D000FCF7C6FE059104900F98406BFCF7ACFE17
:1039E000A14E00223346FCF707FE04460F980D4611
:1039F000006BFCF7A1FE00223346FCF7FDFD009AA8
:103A0000019B1791169010461946FCF78DFD1391F6
:103A1000049A059B06460C91129010461946FCF735
:103A200083FD109011913046019B009A0C99FCF790
:103A30007BFD019B009AFCF777FD07910690002221
:103A40008A4B20462946FCF731FF0AD20A99012009
:103A50008874002000F0D4FD82493C20085E19B033
:103A6000F0BD0A9900208874022000F0C9FD0022F0
:103A7000134617991698FCF719FF03D20F993C20AB
:103A8000085E03E00F98808F404200B2784F0C90A0
:103A900000223B4620462946FCF7AEFD754A764B90
:103AA000FCF742FD0291039015F08EF804460D4696
:103AB00000223B4617991698FCF79EFD6D4A6E4B07
:103AC000FCF732FD15F080F822462B46FCF72CFD62
:103AD00006460F460299039814F072FD04460D46FF
:103AE000059B049A01990098FCF71EFD22462B467F
:103AF000FCF71AFD22462B46FCF716FD03910290B7
:103B0000119B109A13991298FCF70EFD32463B4612
:103B1000FCF70AFD32463B46FCF706FD22462B46E3
:103B2000FCF702FD22462B46FCF7FEFC09910890AB
:103B300032463B4607990698FCF7F6FC32463B4670
:103B4000FCF7F2FC22462B4601910090FCF7ECFCBE
:103B500022462B46FCF7E8FC0690079132463B468E
:103B600001990098FCF7E0FC32463B46FCF7DCFC90
:103B7000079B069AFCF726FC099B089AFCF7C6FCF3
:103B80000191009022462B4613991298FCF7CCFC29
:103B900022462B46FCF7C8FC0546049132463B46BC
:103BA00013991298FCF7C0FC32463B46FCF7BCFC6C
:103BB0002A46049BFCF706FC04460D4600221346E9
:103BC00001990098FCF772FE46D20199009815F011
:103BD00049F8039B029AFCF7F5FB22462B46FCF7BB
:103BE0000BFD13F0E5FF234A234BFCF705FD0022F4
:103BF0001F4BFCF799FC04460D460022134617990B
:103C00001698FCF753FE02D20120C007454000225F
:103C10001A4B20462946FCF787FCFCF7DDFD0C9982
:103C20000222401A0A9900B28A7401210B9A11717A
:103C30001349134AC97C603A08183E21515E00B20C
:103C4000814200DA08460E4A0021203A515E814244
:103C500000DC04E7084602E70F992E20085E0021E9
:103C6000E4E70000E825002080842E4100805640D3
:103C700000806640182D4454FB2109400000594043
:103C80008827002010B503480721002204F0F4FA29
:103C900010BD000008E6D33370B5864C608D002857
:103CA00008D08549097B002904D0401E0004000C7F
:103CB00060850FD0E08A00281AD0401E0004000C56
:103CC000E08206D100F002FA002806D0E08A401C0B
:103CD000E08270BD04F0A8FF70BD20790028FBD001
:103CE000401E0006000E2071F6D0FDF75BFB70BD94
:103CF0007048218B8078002901D0002826D06D499A
:103D0000C0398B7BC0314A8B511E89B2002B03D046
:103D1000002A01D0002831D0664D403DEE8F002EA4
:103D200001D0002841D02688644D002E01D0002803
:103D300053D02E7B002E01D000286BD0A58A002DF9
:103D400001D000287DD0002B72D096E0491E0804D7
:103D5000000C2083CBD100F081F9002803D0208B08
:103D6000401C208370BD20790028FBD0401E000637
:103D7000000E2071F6D0FDF771FF70BD6183002940
:103D8000FBD1002000F0A8FB002803D0608B401C72
:103D9000608370BD20790028FBD0401E0006000E15
:103DA0002071F6D0FDF71CFB70BD761E3004000CB0
:103DB000E887F9D100F0BAF8002803D0E88F401C5A
:103DC000E88770BD20790028FBD0401E0006000E59
:103DD0002071F6D0FDF752FF70BD761E3004000C46
:103DE0002080F9D100F034FA002803D02088401C4C
:103DF000208070BD2879002801D0FDF7E1FA2079F4
:103E00000028F6D0401E0006000E2071F1D0FDF70C
:103E100047FF70BD761E3006000E2873F9D100F002
:103E2000C3F9002805D0287B401C287370BD08E02A
:103E30001FE000F0FBFB12F0AAFE20494039886425
:103E4000F4E76D1E2804000CA082EFD100F0A8FA60
:103E5000002803D0A08A401CA082E7E72079002830
:103E6000E4D0401E0006000E2071DFD0FEF708FEF1
:103E7000DCE7002A01D0002880D0218D0029D5D090
:103E80000028D3D1491E0804000C2085CED100F0B3
:103E90003FFB002803D0208D401C2085C6E72079F9
:103EA0000028C3D0401E0006000E2071BED0FFF7D0
:103EB000B1FABBE7A827002028330020A82600205D
:103EC000F0B585B000240194029403940F26144F9A
:103ED00007250822134901A80494FCF763F9FFF7AA
:103EE000FDFA694608730F482B46BE38C089021296
:103EF0004A7388730C48808C0212CA7308740A498A
:103F0000062020310856694602124A7488743A46DF
:103F1000314601A8009404F09DFC05B0F0BD0000FE
:103F20002042C43326270020282F0020F1B582B07C
:103F3000012000904348807D002803D04248007E45
:103F400001286BD005F0C6FE0746FFF795FA054637
:103F500000F07CFBEFF3108672B63C4C280A25700B
:103F600060703B483B4D017CA170407DE07039485A
:103F70004035C17A2171407B6071A7713812E071C0
:103F8000E889207200126072288AA072000AE0722A
:103F9000688A2073000A6073A88AA073000AE0731D
:103FA000E88D2074000A6074E88EA074000AE07442
:103FB00028464030018A217509126175418AA17530
:103FC0000912E175818A217609126176E98AA17662
:103FD000090AE176008B2077000A607719482746A6
:103FE00080300179A177C178E17780782037154951
:103FF000387060311E20085E0A21FCF78FF8787057
:1040000086F31088012008F097FD22212046009BAE
:10401000029A04F013FC040002D011E00020FEBD5F
:1040200012F0B5FD094980390866288AA883688A94
:10403000E883A88A2884E88A6884074900200870F1
:104040002046FEBD882C0020682B0020682F002011
:104050004827002028260020FC100020F8B507463D
:1040600016481426807D002803D01548007E0128BC
:1040700022D0FFF701FA054600F0E8FAEFF31081CD
:1040800072B6104C280A257060700F48027CA2702E
:10409000407DE07020464038427E2271807E607113
:1040A00081F31088012008F047FD33463A46062187
:1040B000204604F0C3FBF8BD0020F8BD882C00208A
:1040C000682B0020682F002048270020F8B50646FE
:1040D0001C481525807D002803D01B48007E012840
:1040E0002ED0FFF7C9F9074600F0B0FAEFF31081C0
:1040F00072B6164C380A277060701548027CA270A0
:10410000407D2246E070403A907C20711046403855
:10411000806C6071030AA371030CE371000E2072BE
:1041200090896072000AA07281F31088012008F063
:1041300003FD2B4632460B21204604F07FFBF8BDE1
:104140000020F8BD882C0020682B0020682F00205C
:104150004827002070B5064610481625807D0028A7
:1041600003D00F48007E012815D0EFF3108172B6FE
:104170000C480C4C008A40342070000A607081F3B7
:104180001088012008F0D8FC2B4632460221204638
:1041900004F054FB70BD002070BD0000882C00208E
:1041A000682B0020282F0020F8B507462448172543
:1041B000807D002803D02348007E01283ED0EFF305
:1041C000108372B62048214C416A21700A12627035
:1041D0000A14A270090EE170018D2171090A617142
:1041E000014640314A8B0E8B921BA2711212E27172
:1041F0002672320A6272CE8A8A8AB11AA1720912B2
:10420000E172227311126173828D418D521AA27371
:10421000E173018EC08D091A217460740A48E03080
:10422000407DA07483F31088012008F085FC2B46A4
:104230003A461321204604F001FBF8BD0020F8BDEA
:10424000882C0020682B002068260020682F002082
:10425000F8B5074615480226807D002803D014488B
:10426000007E01281FD005F035FD0546FFF704F953
:10427000044600F0EBF90F48291205704170847074
:10428000210AC1700C4933460A7C0271497D417193
:1042900009493A46E039C98E8171090AC17108217C
:1042A00004F0CCFAF8BD0020F8BD0000882C0020F6
:1042B000682B0020682F002048270020F8B507460B
:1042C00028480326807D284D002802D0287E01281A
:1042D0000DD02648044605F0AFFC687E2072287E8B
:1042E000030013F0C1F8050608383A3C0A00002024
:1042F000F8BD002000E001206072288CA072000A46
:10430000E0721B483346C178217381796173C179AA
:10431000A173017AE173417A2174817A6174C17A5F
:10432000A174017BE174417B2175817B6175C17B47
:10433000A175017CE175417C2176817C6176C17C2F
:10434000A176017DE176407D20773A461D21204609
:1043500004F074FAF8BD0220CEE70320CCE7042075
:10436000CAE70000882C0020682B0020682F00205E
:10437000E8250020024610B508480423044680348E
:10438000A168E46812C09830C0780F21091A034868
:104390000172092104F052FA10BD0000682F0020BC
:1043A000F8B507461D480526807D002803D01C4827
:1043B000007E012822D0EFF3108172B6194C1A4DFD
:1043C000208A2870000A6870608AA870000AE87065
:1043D000A08A2871000A6871E08AA871000AE87151
:1043E00081F31088012008F0A7FB33463A460821E4
:1043F000284604F023FA050002D00DE00020F8BDA5
:10440000208AA083608AE083A08A2084E08A608476
:1044100012F0BDFB054948662846F8BD882C0020EF
:10442000682B002068260020682F002068270020C5
:10443000F8B53D260E4C15460746202A0CD8080A2A
:1044400020706170A5702A46E01C05F0CDFDED1CC2
:10445000E9B233463A4607E0FF2020706070A07052
:10446000E07033463A460421204604F0E7F9F8BDEF
:10447000682F0020F3B581B04126EFF3108272B6A9
:104480001248124C124D807E203428702078002172
:1044900013276870FF0108E00E48212340189B0194
:1044A000C318C0195B798370491C20798842F3DCFA
:1044B00082F31088012008F03FFB20793346801CEE
:1044C000C1B22846019A04F0B9F9FEBD082D0020BA
:1044D000682F0020E825002070B502460948072310
:1044E000007E01280BD0084908488C7A04700C7BA8
:1044F0004470C97A8170032104F0A0F970BD0020D6
:1045000070BD0000682B0020E8260020682F0020E6
:1045100070B5054609480824007E01280BD005F037
:1045200057FC07482346017B06482A4601700121B3
:1045300004F084F970BD002070BD0000682B0020DD
:1045400048270020682F002070B506461B48092523
:10455000807D002803D01A48007E012817D007F07C
:10456000F1FCEFF3108472B6164917480A7902700D
:10457000022A0ED02B463246012104F05FF905468F
:1045800084F31088012008F0D7FA284670BD002077
:1045900070BDCA884270120A82700A89C270120AFB
:1045A00002714A894271120A82718989C171090AAC
:1045B00001722B4632460921DFE70000882C0020DB
:1045C000682B002068260020682F00200949497EBA
:1045D00000290DD008493E228A5E0849C82A03DB1B
:1045E000FF314131C98F02E0FF31813109880180FB
:1045F000704700008827002028260020E82500209A
:1046000010B5084C08492072097E002908D00028FE
:1046100004D002F045FA207A002801D102F02AFAEB
:1046200010BD000088280020082D00200648002129
:1046300041620185418D8185C18D01864030818A2D
:10464000C182018B418370476826002010B5104855
:104650000921C47AFF300A222130230012F004FF1E
:104660001913150E15150E10121315151515151510
:10467000151515151515150E13131500417C02E0BF
:10468000C17C00E0017D017410BD027410BD00000A
:10469000282600201CB5212069460871FF24F53426
:1046A000012301AA50210C48009408F05DFD01236C
:1046B0000A4A50210848009408F0CAFC074805211E
:1046C0000078022308436946487101AA5021024834
:1046D000009408F049FD1CBDF03A0020DC100020D9
:1046E0001CB5262069460871FF24F534012301AA70
:1046F00050210C48009408F037FD01230A4A50214C
:104700000848009408F0A4FC07480521007802231B
:1047100008436946487101AA50210248009408F0F4
:1047200023FD1CBDF03A0020DC10002038B5FF2529
:10473000F5352B46052250211C4808F0FBFB1C498F
:10474000022348708C1C0020207060708A1C50214D
:104750001648009508F008FD642008F0EDF9FFF711
:1047600099FF642008F0E8F900F024F8642008F0CC
:10477000E3F900F03DF8642008F0DEF9642008F069
:10478000DBF9042000F090F8642008F0D5F98020CF
:1047900020701120607002232246502103480095AA
:1047A00008F0E2FCFFF79CFF38BD0000F03A002063
:1047B000DC1000203EB50BA0006801900AA0006844
:1047C000FF24F5340290022301AA502100940748E7
:1047D00008F0CAFC022302AA50210448009408F001
:1047E000C3FC3EBD2A0000002D000000F03A00206E
:1047F0001CB506A000680190FF20F5300090022350
:1048000001AA5021024808F0AFFC1CBD2905000098
:10481000F03A002038B5104D00202870FF24F53400
:1048200001232A4650210D48009408F09DFC0123E5
:10483000AA1E50210948009408F00AFCA81E00781E
:1048400002234008400068702A4650210348009423
:1048500008F08AFC38BD0000DE100020F03A00208D
:104860007CB5FFF7D7FF0DA00068FF25F535019057
:104870000024012301AA50210095094808F074FC86
:104880000123084A50210648009508F0E1FB05493C
:104890000028487000D10C7820467CBD0300000041
:1048A000F03A0020DC100020F8B5254D0446002029
:1048B0002870FF26F53601232A465021214800960C
:1048C00008F052FC0123AA1E50211E48009608F051
:1048D000BFFBA81E012C06D0022C08D0042C0BD044
:1048E000082C0ED011E000788006800E0CE00078D5
:1048F0008006800E403007E000788006800E803011
:1049000002E00078C0210843687002230C4A50215D
:104910000C48009608F028FC0123094A5021094858
:10492000009608F021FC064A0123921E50210548FA
:10493000009608F08DFB012008F0FEF8F8BD00009D
:10494000DE100020F03A0020F0B555498FB0CA8B38
:104950006B469A800A8CDA804A8C1A838A8C5A8336
:10496000CA8C9A830A8DDA834A8D1A848A8D5A8476
:10497000CA8D9A840A8EDA844A8E1A858A8E5A855E
:10498000CA8E9A850A8FDA854A8F9A828A8F1A810F
:10499000C98F59814249064640310A889A814A881E
:1049A000DA81404A0223126803400D9304231E401B
:1049B000082303400C931023054604921D40C207B0
:1049C0002023184007460879D20F002803D003207F
:1049D0000002694608820024002A0CD0022301AAA2
:1049E00031490120009404F09CFA002856D17D2022
:1049F000C00008F0A1F80D9800280DD02A490C231A
:104A000006AA891C0120009404F08BFA002845D1E5
:104A10007D20C00008F090F8002E0DD0224901231F
:104A200005AA6B311846009404F07BFA002835D1B2
:104A30007D20C00008F080F80C9800280DD01A499D
:104A4000022302AA0F310120009404F06AFA002820
:104A500024D17D20C00008F06FF8002D0DD0124940
:104A6000022303AA16310120009404F05AFA002808
:104A700014D17D20C00008F05FF8002F0CD0012376
:104A800004AA0A491846009404F04BFA002805D1FC
:104A90007D20C00008F050F800F002FA0FB0F0BD21
:104AA000A82600205C9301080190000007910000F7
:104AB00038B50446002001230090064A19460648EE
:104AC00004F09BF9044AD17812790902114321803C
:104AD00038BD00001B330000A0340020F8B50026CC
:104AE0000E237D4A01217D48009604F059F97B4D43
:104AF0007B4C6F1CED1C002855D07A48E083208445
:104B00006084A084E08420856085A085E08520867F
:104B10006086A086E08620877D20C00008F00CF823
:104B200000206D4A012300906B3219466B4804F057
:104B300037F900287ED06B4860877D20C00007F0E1
:104B4000FBFF0020644A009002230F3201216348DA
:104B500004F026F900286ED06248A087E0877D2007
:104B6000C00007F0E9FF00205B4A009002231632E4
:104B700001215A4804F014F9594C4034002872D0ED
:104B80005848208060807D20C00007F0D5FF0027B6
:104B90000123554A19465148009704F001F90028AD
:104BA0007FD0EF2090E0687829780002084340BA6F
:104BB000E083787939790002084340BA2084687923
:104BC00029790002084340BA6084787A397A000271
:104BD000084340BAA084687A297A0002084340BAA0
:104BE000E084787B397B0002084340BA2085687BEB
:104BF000297B0002084340BA6085787C397C00023A
:104C0000084340BAA085687C297C0002084340BA6A
:104C1000E085787D397D0002084340BA2086687DB2
:104C2000297D0002084340BA6086787E0126397EDD
:104C3000000201E00FE017E0084340BAA086687E5A
:104C4000297E0002084340BAE086787F397F00025F
:104C5000084340BA5FE7687829780002084340BA01
:104C60006087761C69E70EE06878297800020843BF
:104C700040BAA087787939790002084340BAE087C2
:104C8000761C6CE70DE0687829780002084340BA8A
:104C90002080787939790002084340BA6080761C18
:104CA00071E76878297800020843032140BA0902B5
:104CB000761C884201D1012006E001218902884248
:104CC00001D1277101E0EE202071052E01D20120D3
:104CD000F8BD0020F8BD000001900000A0340020C5
:104CE000A8260020FFEF00000791000038B5044619
:104CF000002001230090064A1946064804F07DF87A
:104D0000044AD178127909021143218038BD00008C
:104D10001A310000A034002038B5044600200123D9
:104D20000090064A1946064804F067F8044AD1780C
:104D3000127909021143218038BD00001A330000A6
:104D4000A034002038B50446002001230090084A12
:104D50001946084804F051F8064AD1781279090238
:104D6000114309B2002900DA4942218038BD000010
:104D70000D310000A034002038B5054600200C4657
:104D800031220090022312020121084804F035F874
:104D9000064A0146D37810791B0203435079927971
:104DA000000210432B802080084638BDA03400202C
:104DB00038B50446002001230090064A19460648EB
:104DC00004F01BF8044AD1781279090211432180BA
:104DD00038BD000011310000A03400207CB5002453
:104DE000684601948480094D012301AA294618468A
:104DF000009404F096F8002806D0012301AA294661
:104E00001846009404F08DF87CBD00003D90000031
:104E100010B58AB00024089405940694079403946E
:104E2000049403231D4A012103A8009403F0B8FF52
:104E30006B461A7CDA83D97B1984987C58841A8350
:104E40003A2908D919465C83162801D98C8305E0D4
:104E5000401C888302E0491C598398830F4906232C
:104E600006AA2F310120009404F05BF869460C83F8
:104E70000A49012306AA56311846009404F051F855
:104E80000320694608830549012306AA2A311846EA
:104E9000009404F046F80AB010BD00001390000022
:104EA000F0B593B000270E23A34A0121A348009731
:104EB00003F076FFA14C661CE41C002855D0A04DE1
:104EC0000195029503950495059506950795089516
:104ED00009950A950B950C950D957D20C00007F05E
:104EE0002BFE0020944A012300906B321946934810
:104EF00003F056FF00287DD0914810907D20C0001F
:104F000007F01AFE00208C4A009002230F32012184
:104F10008A4803F045FF00286DD089480E900F9015
:104F20007D20C00007F008FE0020834A0090022385
:104F300016320121814803F033FF002875D0804EDE
:104F400011967D20C00007F0F7FD0020012300909E
:104F50007C4A1946794803F023FF002874D0ED21DC
:104F6000052F72D2032013B0F0BD607821780002C3
:104F7000084340BA0190707931790002084340BA81
:104F80000290607921790002084340BA0390707A58
:104F9000317A0002084340BA0490607A217A000214
:104FA000084340BA0590707B317B0002084340BA49
:104FB0000690607B217B0002084340BA0790707C1A
:104FC000317C0002084340BA0890607C217C0002DA
:104FD000084340BA0990707D317D0002084340BA11
:104FE0000A90607D217D01270002084340BA0B90A2
:104FF000707E01E011E019E0317E0002084340BA02
:105000000C90607E217E0002084340BA0D90707FB4
:10501000317F0002084345BA5FE7607821780002DB
:10502000084340BA7F1C109068E70FE06078217851
:105030000002084340BA0E907079317900020843AB
:1050400040BA7F1C0F906BE70DE020E0607821787C
:105050000002084340BA1190707931790002084388
:1050600046BA7F1C6DE7607821780002084303216F
:1050700040BA09027F1C884201D1012170E7012159
:105080008902884201D100216AE7EC2168E72E48B5
:10509000019AC38B93424AD1038C029A934246D120
:1050A000438C039A934242D1838C049A93423ED11B
:1050B000C38C059A93423AD1038D069A934236D116
:1050C000438D079A934232D1838D089A93422ED111
:1050D000C38D099A93422AD1038E0A9A934226D10C
:1050E000438E0B9A934222D1838E0C9A93421ED107
:1050F000C38E0D9A93421AD1028FAA4217D1438FC1
:10510000109A934213D1838F0E9A93420FD1C28F7C
:105110000F9882420BD10C48119A40300388934279
:1051200005D14288B24202D10079884201D00120E3
:1051300019E7002017E7000001900000A0340020CC
:10514000FDEF000007910000A826002038B50446B6
:1051500001200146009004230F22194803F020FE8D
:10516000034617480179C2780902114349BAC01CA5
:1051700009B2002900DA4942114A21809179557912
:105180000902294349BA521C09B2002900DA4942EE
:105190006180417905790802284340BA01B20029AB
:1051A00000DA4942A180507A117A0002084340BADD
:1051B00000B2002800DA4042E080184638BD000006
:1051C0000435002070B50B4C0D46064601221146F1
:1051D000204607F08EFD084807F0B3FD64232A46F9
:1051E000314605480AF04EF900220121204607F019
:1051F00080FD70BD001C005080390020F8B50024EF
:1052000000F0AAFD3E4B5D7B012D00D15C7F3C4848
:105210008030017B002905D003210220FCF790FAA1
:105220000120F8BD417E00290FD1817D00290CD1DC
:10523000C17E002909D13249A0318C46897B0029E1
:1052400003D16146C97B002905D004210220FCF767
:1052500077FA0220F8BD2A4AC03A1146FF3181315F
:105260004032012D02D0002D05D01BE0244EA03E7F
:10527000367C002E18D1224ECF79403EF68D3C1957
:10528000A6420FD201218177507A022808D0D07A25
:10529000052805D0162803D016210220FCF750FA65
:1052A0000320F8BD022D29D0047C002C09D1142440
:1052B0002C251C5F4D5FAC4203DB2E254D5FAC42BD
:1052C0001CDD14241C5F2C23CB5E9C4201DA0123DD
:1052D000C3772E20085E844202DD012061460870FB
:1052E000507A022808D0D07A052805D0162803D095
:1052F00016210220FCF724FA0420F8BD0020F8BD96
:10530000A826002070B51C480021837D024620326B
:10531000002B0BD1C37E002B08D1437E002B05D17F
:10532000937B002B02D1D37B002B1ED0124C403C30
:10533000257D23462033052D05D09D78012D13D1E1
:10534000258C012D10D1997021848175C17501774B
:10535000C176417681769173D173084804214173F7
:1053600007210320FCF7ECF970BDC1750177817648
:1053700001210846F6E70000282700202826002003
:10538000F0B589B000206946087304A800F018FD44
:10539000754A1146FF31A131002803D064200876F8
:1053A000002006E06846007CFF2803D163200876D1
:1053B0000120107101F02AFF6B4D6035002805D0E7
:1053C000287D002802D0694901200870664C80348D
:1053D0002079042805D00120A876E87E022803D091
:1053E00006E006F079FDF8E706F05AFD0120A87600
:1053F000287D00280AD12079022807D107A806F0C5
:105400008DFD00282FD0012006F00CFC05F0D6FF02
:105410005548297D0746FF3781373E46403E324694
:105420002032403005920690002920D04F48007865
:10543000002840D00120A875E8752876687668466F
:1054400006F082FC3879002803D06946088840427B
:105450000880694678880988081AE0810699C88713
:105460000020B0742AE06846808BE080CEE7217986
:10547000684606F021FC00280CD00120B07406F02C
:10548000D1FB694678880988081AE081B07C002839
:1054900014D02BE03879002803D0694608884042B0
:1054A0000880694678880988081A0699C887208084
:1054B0000020B074E5E70120B07417E006993E20A3
:1054C000085E3E21715EFF31F531884205DC002126
:1054D000795EFF39F539884204DA05980599407BF1
:1054E000401C02E0002070770599487305F066FFC4
:1054F0000020B082059908712079022804D000208C
:1055000020826082A08213E001A8FFF71FFE00281E
:1055100003D0012006F086FB0BE0684680882082DD
:105520006846C088608268460089A08268464089D3
:10553000E0820F4C0026A6722674387D002810D019
:10554000287D00280DD003A800F044FE002805D0D7
:105550000120207306F066FB09B0F0BD6846007BB1
:10556000A0722673F8E70000E82500201C11002037
:10557000E8260020F8B5384C1521E71FF93F3E46D4
:1055800038466156FF36403041360090142035468B
:10559000205640356037012902D0042903D00BE0A2
:1055A000042802D008E0012809D1FDF78DFA207DFA
:1055B0006075FFF755F92075207D012803D0207D07
:1055C000042804D01DE0A879002803D024E0A8799D
:1055D000002821D0B07C002810D100983E21415EE7
:1055E0003E20305E814209DAF87E012801D004288D
:1055F00001D106F071FC03F02FFEF8BD207D0428D8
:1056000003D0C0B2012804D01AE0A879002803D042
:1056100016E0A879002813D0B07C002810D100989B
:105620003E21415E0020285E814209DDF87E01288E
:1056300001D0042801D106F04FFC03F0DDFDF8BDD8
:105640000548E038007C002803D0FCF717FBFDF785
:105650003BFA03F04BFEF8BDE8260020FEB55C499E
:105660008A7C002A02D14A7F002A02D003F03EFE43
:10567000FEBD3E22574C8A5E2146FF3181314034C7
:105680000191824201DC104605E00A460021515E8C
:10569000814202DB084601212171E18F4D4D401A04
:1056A00007B22035287C00280DD04A493220085EF8
:1056B000002F02DD002804DB05E0002F03DA0028BC
:1056C00001DDFDF701FA434E424932464F86FF3273
:1056D0002978E132FF36A13638460092002921D0E0
:1056E00021790222521AF17C4A43002801DB01464B
:1056F00000E041428A4215DA02460021354829700D
:1057000082868030C18606F0E7FB11F040FA31490D
:10571000FF3708647D20C000F537874202D9009822
:105720000121C1732B4F28786037002846D12949C1
:105730003220085E002800DA4042B17C88423DDD1C
:10574000607A03281BD1E07A072818D1607B0428EF
:1057500015D10098C07B002811D1307800280ED0D8
:105760001C48006C11F019FA0199C969884206D9E0
:10577000FDF7AAF9164901202031C873FEBD15486E
:105780003221415EB07C0A18002A02DD03F064FD7C
:10579000FEBD081A12D503F02FFDFEBD707F002854
:1057A00012D0FCF77DFA00990020C8730120287000
:1057B000F87E0128F1D106F073FBFEBDFDF784F9F8
:1057C00028780028EFD1E9E7FCF758FAEBE700006A
:1057D00028270020E825002070B527481421C61F7F
:1057E000F93E35464156FF35FF20413587307E2250
:1057F000805D2C7BAB7CB25E012902D0042903D0F2
:1058000010E0002802D015E0002813D0002C07D1AA
:10581000002B05D1194DAA4202DA03F01DFD16E056
:10582000042902D0012903D00FE0002802D00CE0A7
:1058300000280AD0002C08D1002B06D10F48404286
:10584000824202DD03F0D8FC01E003F04FFD0C487A
:105850000521008BFAF74CFC00290BD104F08AF8E3
:10586000002807D001210846FBF76AFF0248002103
:105870002030817070BD0000E82600207017000005
:10588000E825002010B503F031FD10BDF0B58BB058
:1058900000206946FB4E0880012001903446F08FBD
:1058A00040346080204620380390017D60380746F0
:1058B000FF378137FF303D466130403D029000297F
:1058C0002BD001F0A3FC002841D00398007D0028D4
:1058D0003DD0ED4901200870A87C002803D00320AA
:1058E0002071FCF7CBF90020A874684606F02CFA6A
:1058F0003879002803D06946088840420880684605
:105900000088B0877988401AE081F0870020A8825B
:10591000DD480078002826D120E02179684606F08D
:10592000CBF9002804D00120A87406F07BF9EFE73A
:105930000020A8743879002803D0694608884042BE
:105940000880694678880988081AF087E0E7CE4918
:10595000002008700120CD49A8748870039801992F
:10596000007D084317D13E21695E3E20305EFF3145
:10597000F531884205DC0021795EFF39F53988422E
:1059800014DA0298407B052803D20299401C487320
:1059900001E001206877B87E002816D00220205E42
:1059A000002812D0717A032904D00EE00020687715
:1059B0000299ECE73E21715E401A00D54042398BD6
:1059C000884202DD0299012088732079022846D19D
:1059D0000398807E002842D0322007F0ADF804A85A
:1059E000FFF7B4FB002808D0012006F01BF9207E49
:1059F0000A2810D2401C207612E06846008A2082D5
:105A00006846408A60826846808AA0826846C08A6A
:105A1000E0820020EFE7002020826082A082E08206
:105A2000208AA18B401A00D54042618B884214DC49
:105A3000608AE28B801A00D5404288420DDCA08A41
:105A4000228C801A00D54042884206DCE08A628CB3
:105A5000801A00D54042884201DDFDF711F88948DF
:105A600020380190007C002801D0012100E00A21AB
:105A700084484038008BFAF73BFB824815225201DC
:105A800040388218FF30E1300992069000294DD14C
:105A9000107A00284AD07B4840380079012807A8AE
:105AA00008D003F0A1FA00287948007911D0012824
:105AB00003D03BE0FFF746F9F5E7687C0A2802D2FD
:105AC000401C687401E001202874002006F0AAF848
:105AD0002CE0012802D10020287468746846808B6D
:105AE000A0860199097C002920D00699897B00298C
:105AF0001CD0E18E884200D9E086E18E228F91424F
:105B000000D921877A89914201D9012100E0002141
:105B10002976397B002909D090420FD9287F0328A4
:105B200002D2401C287701E00120E87658480A217B
:105B3000008BFAF7DDFA002903D018E0002028775F
:105B4000F3E751480078002811D00398407D01F018
:105B500049FC30824D484030007F002807D101F0D9
:105B60005DFA002803D004F04FFD02F009F948481F
:105B70003221008B0A90FAF7BBFA4248C0300890F5
:105B8000032926D10198007C002829D00698807B23
:105B9000002825D0787A002822D00898007D002897
:105BA0001ED13B4A3220105E3421515E002800DABB
:105BB0004042002900DA4942884211DDE87D02288E
:105BC00002D2401CE87501E00120A8753048418EE2
:105BD0008186798A0A98FAF78BFA002902D024E0A4
:105BE0000020EFE70198007C002823D00698807BF6
:105BF00000281FD00898007D00281BD1387C002881
:105C000018D000203E21205E715E401A00D540422F
:105C1000F98988420EDAA87E022802D2401CA876B2
:105C200001E001206876F08F20800198007C012837
:105C300002D014E00020F2E7707A032802D0002896
:105C400004D006E0F07A082824D002E0F07A002898
:105C500020D00198007800281CD0FCF735FF707A1E
:105C6000032827D1F07A072824D1707B042821D17A
:105C70000398C07E04281DD10998007A00280DD011
:105C80001AE00000282600201C110020A827002070
:105C9000E8250020632003F061FAE0E7019800782E
:105CA000002809D00298807C052805D0062803D05A
:105CB00006F0F6F80BB0F0BD2079042802D1A87CDC
:105CC0000128F7D006F008F9F4E70000F8B500263F
:105CD00068461B4D0670287D00282DD0684600F0D0
:105CE00079FA2C460121803C002805D0607B0428ED
:105CF0000ED2401C60730DE068460078A0722673D7
:105D000066736A7D904201D9A17306E0A67304E030
:105D10002173A173012005F085FF287D00280BD099
:105D2000A07B012809D01E210648808BFAF7E0F9F4
:105D3000002901D1FBF754FBF8BDA97DF4E7000071
:105D400068270020E825002010B500220621012048
:105D500005F01EFE10BD000010B512484078002866
:105D600004D01148407B002810D005E040210F48A6
:105D700006F0BAFF012809D000210B48A0380029FD
:105D800006D000210173C181012010BD0121F4E77B
:105D9000C189402902D2491CC18101E0012101735E
:105DA000002010BDE8250020C82700200004005076
:105DB0000248C189491CC181704700002827002082
:105DC0007FB50546002069460871487108730A20AE
:105DD00006F0B2FE6426022301AAA0210A4800961A
:105DE00007F0C2F90446012303AAA0210648009641
:105DF00007F02EF96946097B2970044302D001207F
:105E000004B070BD0020FBE7F03A0020F7B584B085
:105E1000AD226B461A700A0C5A700A0A9A70D97031
:105E20000178197141785971861C012204210020E2
:105E300005F0AEFD002000F093F902A800F0F4F8A0
:105E4000002400F071F9050007D0012006F074FE6F
:105E5000641CE4B2052CF4D353E00022042134483E
:105E600006F047FF0024C82306226946314808F09F
:105E7000C9FC050006D0012006F05EFE641CE4B2F9
:105E8000052CF0D301220421294806F032FF002D11
:105E900037D10698801E87B225E0AD20694608708C
:105EA0003078487070788870002204212048B61C31
:105EB00006F01FFF0024C823032269461D4808F08E
:105EC000A1FC050006D0012006F036FE641CE4B2F9
:105ED000052CF0D301220421154806F00AFF002DFD
:105EE0000FD1BF1EBFB2002FD7D1002400F000F9A0
:105EF000050009D0012006F01FFE641CE4B2052C49
:105F0000F4D3284607B0F0BD0024FF2000F028F9A4
:105F1000050006D0012006F00FFE641CE4B2052C3B
:105F2000F3D300220421104605F032FDE9E700001A
:105F300000040050403C00207CB5D8216A46117016
:105F4000010C5170010A9170D070012204210020CF
:105F500005F01EFD002000F003F901A800F064F830
:105F600000F0E2F8134E044600220421304606F009
:105F7000C0FE642006F0E0FDC823042269460E48F6
:105F800008F040FC0546254301220421304606F076
:105F9000B0FE00F0ADF804462C43FF2000F0E0F81E
:105FA0002043054600220421104605F0F1FC284656
:105FB0007CBD000000040050403C0020F7B582B0DA
:105FC00003206A461070080C5070080A9070144E36
:105FD000D170002400220421304606F08AFEC82336
:105FE000042269460F4808F00DFC0746C8230D48F7
:105FF000049A029908F01CFB05463D430122042146
:10600000304606F076FE641CE4B2002D04D0012078
:1060100006F092FD052CDDD3284605B0F0BD00004A
:1060200000040050403C0020F8B5044605206946B5
:1060300008700E4E00220421304606F05AFEC82396
:10604000012269460A4808F0DDFB0546C823012203
:106050002146074808F0ECFA2843044601220421AF
:10606000304606F046FE2046F8BD00000004005011
:10607000403C00207CB520216A461170010C517013
:10608000010A9170D07001220421002005F080FCEB
:10609000002000F065F801A8FFF7C6FF00F044F803
:1060A000114E044600220421304606F022FEC82389
:1060B000042269460D4808F0A5FB05462543012248
:1060C0000421304606F015FE00F012F804462C4379
:1060D000FF2000F045F82043054600220421104629
:1060E00005F056FC28467CBD00040050403C0020D2
:1060F00038B5042069460870094C01460022204644
:1061000006F0F7FDC82301226946064808F07AFB2D
:10611000054601220421204606F0EBFD284638BD45
:1061200000040050403C002038B506206946087045
:10613000094C00220421204606F0DBFDC823012281
:106140006946064808F05EFB054601220421204608
:1061500006F0CFFD284638BD00040050403C00202A
:1061600038B5044618A000680090FFF7DDFF174D12
:1061700000220421284606F0BCFDC82301226946FE
:10618000134808F03FFB01220421284606F0B1FD28
:10619000012006F0D1FC0120694608704C700022F5
:1061A0000421284606F0A5FDC823022269460848B6
:1061B00008F028FB044601220421284606F099FD38
:1061C000FFF796FF204638BD500000000004005045
:1061D000403C002038B505460120034601460090AA
:1061E0000422094802F0DCFD074C641E2070601C8C
:1061F0000179C2780802104340BA0A21F9F778FF02
:106200002870207838BD00001E110020F8B5002548
:10621000022802D0012803D01AE00F4C0F4E17E0DD
:106220000F4C104E14E0042221466846FFF7C6FECC
:10623000012006F081FC6A46D178107809064018E2
:106240009178527809041202891840182D18241DDB
:10625000B442E8D92846F8BDF8FF0700F8990A00CB
:10626000FCFF0300FC990600F8B510480025446BBC
:106270000F480095261814E0042221466846FFF7CF
:106280009DFE012006F058FC6A46D1781078090678
:1062900040189178527809041202891840182D1874
:1062A000241DB442E8D92846F8BD0000682B002020
:1062B000FC99020010B5002303E0CC5C2018C0B2AA
:1062C0005B1C9342F9DB10BD70B50D48446B204652
:1062D000FFF732FEFF25F535284606F02DFC09486C
:1062E0002018FFF729FE284606F026FC064820184D
:1062F000FFF722FE284606F01FFC0448007870BD18
:10630000682B0020FEFF0000FCFF010008110020A8
:1063100010B50F21162209042E48FFF74FFE2D4815
:106320002C4C1738C07D09348007800F6073012022
:1063300006F002FC617B284802290ED00122427639
:10634000264A4263234A373A00290CD001290AD051
:10635000022906D0032909D105E002224276204A0B
:10636000EFE7204901E01F49091D1165417EFF2427
:10637000F53401291CD001F057FEFA2006F0DCFBB1
:1063800001F06AFDFA2006F0D7FB01F0D9FDFA20F2
:1063900006F0D2FB01F0F6FE204606F0CDFB01F040
:1063A000B7FE01F01FFD01F005FE01F08FFD10BDED
:1063B00001F0E8FEFA2006F0BFFB01F0C1FDFA2073
:1063C00006F0BAFB01F048FDFA2006F0B5FB01F03B
:1063D0002BFEE1E79F2C0020682B0020F8FF070030
:1063E000FCFF030009000F0070B52F4C0121207E37
:1063F0002E4D042802D0012801D052E021762A48EF
:10640000203042798079824201D0297749E0284EB4
:10641000636B6A7D206B9B1981180326994201D911
:106420002E773EE020493C3100F0D8F9002801D019
:10643000022017E000202877208C401C208410F0D8
:10644000A6FBA063208CE18B88422AD1C82006F0ED
:1064500073FB00F0D3F9FFF707FFE062A16A8842FF
:1064600002D0042028771CE005202877267600F04B
:10647000F7F8FF24F534204606F05EFB0A481A3090
:1064800003F0E0FB204606F057FB03F07BFB2046C1
:1064900006F052FB03F089FB204606F04DFB00F0AE
:1064A00035F9287F70BD0000682B0020A82C002043
:1064B000009A0200F8B5254E254CB16F254D48785D
:1064C000608420463C306A7D0746891CF9F76AFEE5
:1064D000B06F26462030807C20367071608C6A7DDB
:1064E000C0B23946FFF7E6FEB071218C608CCAB2AB
:1064F0000226904213D1FFF777FF287F002806D0AD
:10650000022820D003281DD004281CD11AE0697D60
:10651000206B40182063642006F00EFB13E0431C40
:10652000DBB293420AD00A46143A904202DB14319D
:10653000884203D3EB2801D2142803D810F027FB9C
:10654000A06300E02676287FF8BD0000E82E00203A
:10655000682B0020A82C002070B51648164D846FBB
:10656000E07AA8756079A179000241181348C183C7
:10657000E279A17A12068918227A637A12041B0240
:10658000D21889188162302068750C48611C042279
:106590001A30F9F707FE01202875207B617B401E29
:1065A00048437D21C90048434900401A29464039E3
:1065B000886570BDE82E0020A82C0020682B0020E4
:1065C0001CB524482449807DC97888421CD168467E
:1065D00003F032FB6846214C0178A07E814214D141
:1065E00069464978E27E91420FD169468978227FD7
:1065F00091420AD16946C978627F914205D1607E95
:10660000022801D100F082F81CBD69460979814257
:1066100012D168464079E17E88420DD16846807982
:10662000217F884208D16846C079617F884203D1C2
:10663000607E0128E6D01CBD002020846084616B50
:106640002163E0620120207610F0A1FAA063FFF739
:106650003BFE1CBDA82C0020E8250020682B002054
:10666000F0B587B00020254935236A465B010C1838
:10667000E418E47D1454401CC0B21628F7D3204817
:10668000C06A01040D0EC6B20102D67695760C0ED4
:10669000070E54761776642006F04EFA0F20000499
:1066A000FFF7E8FC7D20C00006F046FA15481649C1
:1066B000006D8842684604D147728472C5720673C1
:1066C00003E047738473C57306740F2424041622F1
:1066D0002146FFF79BFBFF250646F535284606F0C9
:1066E0002BFA0848162221463730FFF767FC284668
:1066F00006F022FA304607B0F0BD0000E825002081
:10670000682B0020682C002009000F007CB568462B
:1067100003F092FA2E48417EFF304130022904D026
:106720006A461279002A11D01CE0694609780029CE
:106730001AD169464978002916D169468978002915
:1067400012D16946C97800293BD00DE06A465279DA
:10675000002A07D16A469279002A03D16A46D27983
:10676000002A2ED001292ED0012141734F21194A30
:10677000C173D17DC47B0B46214381730C2423401C
:10678000407B090909018007C918800F08180F24E8
:10679000D07524042046FFF76DFC7D25ED002846CA
:1067A00006F0CAF90B48162221461730FFF72EFBD8
:1067B000094C2070284606F0BFF906F01BFE207831
:1067C0007CBD01207CBD022141732F21CFE7000059
:1067D000682B0020882C0020081100200B4610B5E3
:1067E00001461846FFF712FB034C2070642006F0A8
:1067F000A3F9207810BD000008110020F0B523484F
:10680000234AC18B527D406B51430C182149A1B0E2
:10681000461840216846F9F7DEFC402110A8F9F738
:10682000DAFC72B6254608E0402229466846FFF7A2
:10683000EDFA194806F082FD4035B542F4D92546F7
:1068400010AF0AE04022294610A8FFF7B7FB002846
:1068500008D0012006F070F94035B542F2D962B691
:1068600021B0F0BD0C4806F069FD0024385D002819
:1068700007D0291902226846FFF7C8FA064806F031
:106880005DFD641CE4B2402CF0D3E5E7682B0020EA
:10689000A82C0020C0990200783B002070B5054666
:1068A0000C46C80704D0284600F036FB002833D138
:1068B000A00704D5284600F0C9FA00282CD16007AB
:1068C00004D5284600F011FB002825D1200704D567
:1068D000284600F0A4FA00281ED1E00604D5284678
:1068E00000F0CBFA002817D1A00604D5284600F006
:1068F000D2FA002810D1600604D5284600F0D9FA53
:10690000002809D1200604D5284600F0E0FA002826
:1069100002D1284600F054F870BD0000F8B50546D5
:1069200080230C4624481C43002D33D00470427051
:10693000FF26052701363F0700223146384606F07C
:10694000D8F9012302221C491C4807F05BFF0122F1
:106950003146384606F0CDF9052006F0EDF8002264
:106960003146384606F0C5F9134901230222891C35
:10697000124807F05DFE01223146384606F0B9F9AB
:10698000052006F0D9F80C48801C012D06D0002DFA
:1069900008D00DE04906490E0170C8E70078A04212
:1069A00008D005E00178A14202D14078012801D049
:1069B0000120F8BD0020F8BD0C110020403C002053
:1069C000F0B5072109024418262185B0615E0491C3
:1069D00028262A21A65F615E03912C21615E029127
:1069E000E18DC9B20191218EC9B20091618ECDB203
:1069F000A18ECFB200F08AF8002827D12621615E4F
:106A00000498814222D12820205EB0421ED12A2142
:106A1000615E0398814219D12C21615E0298814206
:106A200014D12E21615E019881420FD13021615E27
:106A3000009881420AD13220205EA84206D134203B
:106A4000205EB84202D1002005B0F0BD0120FBE776
:106A500010B5002211460120FFF760FF002803D186
:106A600003484078A52801D0012010BD002010BDAA
:106A70000E11002010B5002207210120FFF74EFF64
:106A8000002809D10548072140784206520E00200F
:106A9000FFF744FF002800D0012010BD0E11002098
:106AA00010B5002207210120FFF738FF002809D187
:106AB000054807214278802002430020FFF72EFF7F
:106AC000002800D0012010BD0E11002070B5054631
:106AD000002203210120FFF721FF002808D10A4EE0
:106AE0000022747804210120FFF718FF002801D04C
:106AF000012070BD7178080207210902204369183E
:106B0000C883002070BD00000E11002010B504469F
:106B1000FFF7DCFF002839D1204600F065F8002897
:106B200034D1204600F034F800282FD1204600F060
:106B30007BF800282AD1204600F040F8002825D113
:106B4000204600F03FF9002820D1204600F0A2F8AE
:106B500000281BD1204600F07DF8002816D12046E1
:106B600000F010F9002811D1204600F0B3F80028F9
:106B70000CD1204600F0C4F8002807D1204600F0D0
:106B8000D5F8002802D1204600F0E6F810BD00003C
:106B900010B50446002206210120FFF7BFFE0028A1
:106BA00001D0012010BD0448392149014078611805
:106BB0008870002010BD00000E11002010B50446A2
:106BC000002207210120FFF7A9FE002801D00120A3
:106BD00010BD04483921490140786118C87000206F
:106BE00010BD00000E11002070B5054601210022E5
:106BF0000846FFF793FE002808D10A4E0022747859
:106C000002210120FFF78AFE002801D0012070BD7B
:106C1000717808020721090220436918888300203F
:106C200070BD00000E11002010B5044600220521A1
:106C30000120FFF773FE002801D0012010BD044899
:106C400039214901407861180871002010BD000009
:106C50000E11002070B50546002210210120FFF71B
:106C60005DFE002808D10A4E00227478112101200F
:106C7000FFF754FE002801D0012070BD7178080292
:106C800007210902204369188885002070BD000093
:106C90000E11002070B5054600220C210120FFF7DF
:106CA0003DFE002808D10A4E002274780D210120F3
:106CB000FFF734FE002801D0012070BD7178080272
:106CC00007210902204369180885002070BD0000D3
:106CD0000E11002010B50446002212210120FFF7FA
:106CE0001DFE002801D0012010BD04480721090223
:106CF00040786118C885002010BD00000E110020EA
:106D000010B50446002213210120FFF707FE0028DA
:106D100001D0012010BD0448072109024078611804
:106D20000886002010BD00000E11002010B504469A
:106D3000002214210120FFF7F1FD002801D00120DD
:106D400010BD0448072109024078611848860020D8
:106D500010BD00000E11002010B5044600221521C0
:106D60000120FFF7DBFD002801D0012010BD044801
:106D700007210902407861188886002010BD0000B4
:106D80000E11002070B5054600220E210120FFF7EC
:106D9000C5FD002808D10A4E002274780F21012079
:106DA000FFF7BCFD002801D0012070BD71780802FA
:106DB00007210902204369184885002070BD0000A2
:106DC0000E11002070B5054600220A210120FFF7B0
:106DD000A5FD002808D10A4E002274780B2101205D
:106DE000FFF79CFD002801D0012070BD71780802DA
:106DF0000721090220436918C884002070BD0000E3
:106E00000E1100203921490110B54018C278072120
:106E10000020FFF783FD002800D0012010BD10B531
:106E2000072109024418A08D1021C2B20020FFF7EB
:106E300075FD002808D1A08D11210004020E00204C
:106E4000FFF76CFD002800D0012010BD10B5072110
:106E500009024418208D0C21C2B20020FFF75EFD0C
:106E6000002808D1208D0D210004020E0020FFF71C
:106E700055FD002800D0012010BD072110B50902E2
:106E80004018C08D1221C2B20020FFF747FD002834
:106E900000D0012010BD072110B509024018008E56
:106EA0001321C2B20020FFF739FD002800D00120D5
:106EB00010BD072110B509024018408E1421C2B23E
:106EC0000020FFF72BFD002800D0012010BD072176
:106ED00010B509024018808E1521C2B20020FFF7BC
:106EE0001DFD002800D0012010BD10B507210902AA
:106EF0004418608D0E21C2B20020FFF70FFD00285C
:106F000008D1608D0F210004020E0020FFF706FD5E
:106F1000002800D0012010BD10B507210902441837
:106F2000E08C0A21C2B20020FFF7F8FC002808D14B
:106F3000E08C0B210004020E0020FFF7EFFC00287C
:106F400000D0012010BD10B5012218210020FFF74C
:106F5000E5FC002800D0012010BD10B5002406E09B
:106F6000641CE4B2052005F0E7FD0F2C05D000F00D
:106F700073F91128F4D1012010BD002010BD0000CC
:106F8000FEB5224D36223821AA5E695E2C46501885
:106F90008300C01868873E20285E4034002301909B
:106FA000E35E0093C0188300C0186080062708269F
:106FB000E75FA65FB8198300C0186081881AF9F7E7
:106FC000A9FB1349F9F7BFF91249F9F77FF9F9F766
:106FD000D5FBA887009B0198181AF9F79BFB0E4D6B
:106FE0002946F9F7B0F90B49F9F770F9F9F7C6FB3B
:106FF000A080F01BF9F78EFB2946F9F7A4F90549A3
:10700000F9F764F9F9F7BAFBA081FEBDA8270020C3
:10701000005C114600409C450088CD45FEB5414DC1
:10702000A88A002839D1E88A002836D1288B002880
:1070300033D1688B002830D13C4C3B4E27467078CA
:107040002037403400280ED1387C00280ED100F0C3
:107050002DF9208BB080608BF080A08B3081208A4E
:10706000708101207070387C002806D00020B0802C
:10707000F0803081708170700FE0717801290CD13F
:1070800010210A22615EB25E891A7D22D20089181F
:107090005200914201D9002801D00020FEBD00F02D
:1070A00005F910200A27205EF75FC01BF9F732FBB5
:1070B0000090019018200421205E715E401AF9F7BB
:1070C00029FB0199F9F73FF91949F9F7FFF8F9F7A1
:1070D00055FBA882009801901A200621205E715E5F
:1070E000401AF9F717FB0199F9F72DF91049F9F74B
:1070F000EDF8F9F743FBE8821C200821205E715E61
:10710000401AF9F707FB0099F9F71DF90849F9F753
:10711000DDF8F9F733FB28836F83002070700120BE
:10712000FEBD0000E827002010110020E825002007
:107130000050C34770B5064600F0C4F90446304617
:1071400000F024FA0546304600F084FA0449054A66
:10715000CC81AA180A82044A8018488270BD0000B7
:10716000E827002085E2FFFF192A000070B50646D7
:1071700000F0A8F90546304600F008FA044630460B
:1071800000F068FA0249CD86CC874031C88070BDD6
:10719000A827002070B5064600F094F90546304651
:1071A00000F0F4F90446304600F054FA02490D8725
:1071B00040310C80088170BDA827002010B5002345
:1071C00002E09C0001515B1C9342FADB10BDF8B554
:1071D0000546002016460F46541E07E0A20051192E
:1071E0008039C96FA950F9F718F8641E002CF5DC36
:1071F00039462F60F9F711F804463046F9F795FA49
:1072000001462046F9F79FF8F8BD000070B5FFF77A
:10721000A4FE00281AD00E4820210170C021417020
:10722000FF24052501342D0700222146284605F0BC
:1072300060FD7D23DB0002220549064807F0E2FAE3
:1072400001222146284605F054FD012070BD0000B2
:1072500012110020403C002070B512498F200870A8
:10726000FF24052501342D0700222146284605F07C
:1072700040FD7D26F600334601220A490A4807F000
:10728000C1FA084933460122891E074807F0D0F9A0
:1072900001222146284605F02CFD0248801E007878
:1072A00070BD000012110020403C002070B5214D3F
:1072B000687D00F007F92C46203C6082687D00F074
:1072C00065F9A082687D00F0C5F9E0820646FF35C9
:1072D00061353A20285E0A21F8F720FF1221615E0D
:1072E000081A7D21C90048433C21695EF8F716FF62
:1072F000208340350220285E0A21F8F70FFF142171
:10730000615E081A7D21C90048430421695EF8F7CF
:1073100005FF60830A20285E0A21F8F7FFFE7D2121
:10732000301AC90048430C21695EF8F7F7FEA083C4
:1073300070BD00004826002070B514460E46F9F7CF
:10734000E9F90146F8F7C2FF05463046F9F7E2F9D8
:107350000146F8F7BBFF2946F8F75FFFF9F77EFA19
:1073600011F080FCF9F7B6FA05462046F9F7D2F994
:10737000294610F0F3FD0349F8F7A8FF0249F8F792
:10738000E2FF70BD00003443DB0F494070B5044696
:107390000E461046F9F7BEF90146F8F797FF054685
:1073A0003046F9F7B7F90146F8F790FF2946F8F7A4
:1073B00034FFF9F753FA11F055FCF9F78BFA05464B
:1073C0002046F9F7A7F9294610F0C8FD0349F8F758
:1073D0007DFF0349F8F7B7FF70BD0000000034439C
:1073E000DB0F4940F1B5324EA6203070FF27013740
:1073F000052000223946000705F07BFC7D23DB00D9
:10740000012231462B4807F0FDF97D23DB000122E4
:10741000B11E284807F00CF9052001223946000763
:1074200005F067FCB51E00242C57A5203070002203
:107430003946000705F05DFC7D23DB000122A91C15
:107440001C4807F0DFF97D23DB000122294619489B
:1074500007F0EEF8052001223946000705F049FC47
:1074600020022978154C0843001164214843C117B4
:10747000090F081810490011401805B2607E012854
:1074800009D12846F9F746F901460D48009AFFF759
:1074900095FE002060762846F9F73CF90146084839
:1074A000009AFFF794FEF9F769F900B2F8BD000001
:1074B00012110020403C0020C40900004826002092
:1074C00010380020F1B52D4DA9202870FF27013775
:1074D000052000223946000705F00BFC7D23DB0068
:1074E00001222946264807F08DF97D23DB00012281
:1074F000A91E234807F09CF8052001223946000701
:1075000005F0F7FBAE1E307800220402A820287098
:107510003946400605F0EDFB7D23DB0001222946BC
:10752000174807F06FF97D23DB000122A91E1448DC
:1075300007F07EF8052001223946000705F0D9FB47
:10754000307800190F4C05B2A07D012809D12846DA
:10755000F9F7E0F801460C48009AFFF72FFE0020EB
:10756000A0752846F9F7D6F801460748009AFFF7B4
:107570002EFEF9F703F900B2F8BD00001211002049
:10758000403C00204826002010350020F1B52D4D4C
:10759000AB202870FF27013705200022394600075D
:1075A00005F0A7FB7D23DB0001222946264807F0D2
:1075B00029F97D23DB000122A91E234807F038F8B2
:1075C000052001223946000705F093FBAE1E3078F6
:1075D00000220402AA2028703946C00605F089FB63
:1075E0007D23DB0001222946174807F00BF97D2394
:1075F000DB000122A91E144807F01AF80520012219
:107600003946000705F075FB307800190F4C05B2BC
:10761000E07D012809D12846F9F77CF801460C489D
:10762000009AFFF7CBFD0020E0752846F9F772F8C5
:1076300001460748009AFFF7CAFDF9F79FF800B224
:10764000F8BD000012110020403C00204826002018
:1076500010360020F1B52D4DAD202870FF270137E1
:10766000052000223946000705F043FB7D23DB009F
:1076700001222946264807F0C5F87D23DB000122B8
:10768000A91E234806F0D4FF052001223946000731
:1076900005F02FFBAE1E307800220402AC202870CB
:1076A00005203946000705F024FB7D23DB0001227D
:1076B0002946174807F0A6F87D23DB000122A91E02
:1076C000134806F0B5FF052001223946000705F0F2
:1076D00010FB307800190F4C05B2207E012809D12B
:1076E0002846F9F717F801460B48009AFFF766FDA0
:1076F000002020762846F9F70DF801460648009A42
:10770000FFF765FDF9F73AF800B2F8BD1211002055
:10771000403C0020482600201037002070B5002093
:107720002724A401094B4F2501466D015A1816194B
:10773000367E002E03D15219127A002A01D0012080
:1077400070BD491C1029F1D370BD0000E825002050
:1077500030B50FF099FD0C49486821221201904381
:1077600048600A4C0A4D002081000B1900221A6063
:1077700030BF4A190021116030BF401C0528F3D3E7
:107780000AF0FCFB30BD0000002002402001080888
:10779000200D080830B50FF077FD0C49486821220C
:1077A0001201904348600A4C0A4D002081000B19D9
:1077B00000221A6030BF4A190021116030BF401CFE
:1077C0000B28F3D30AF0DAFB30BD000000200240A2
:1077D00018000808180C080830B50FF055FD0FF018
:1077E00053FD0C49486821221201904348600A4C1D
:1077F0000A4D002081000B1900221A6030BF4A197F
:107800000021116030BF401C0228F3D30AF0B6FB00
:1078100030BD00000020024020010808200D0808AB
:1078200000B500F045F81048C189002919D1018A36
:10783000002916D1418A002913D1014640394A8FC7
:10784000002A0ED1898F00290BD14188002908D147
:107850008188002905D14189002902D18089002829
:1078600000D0012000BD0000E827002000B500F096
:1078700029F90448817C002902D1C07C002800D06D
:10788000012000BDE826002000B500F027F90748D8
:10789000818A002908D1C18A002905D1018B0029DC
:1078A00002D1408B002800D0012000BDE827002035
:1078B0000E480D4903464A68C281121402828A6842
:1078C00042821214403B5A87CA689A871214428037
:1078D0000A6982801214428149698181081419461B
:1078E000203108757047000000000808E8270020D4
:1078F00070B5CB0701D0012070BD0023074D09E012
:10790000CC1864192678C6542488C618240A9B1CEF
:107910007470DBB29342F3D3002070BD00000808FE
:1079200000B5042218211348FFF7E2FF1148102286
:107930001C21001DFFF7DCFF0E4810222C21143003
:10794000FFF7D6FF0C497D208A8BC00042430948CF
:1079500054388267C98B7D22D2005143C1670649E2
:10796000203109680902090A016502490020143919
:10797000087100BDBC2F00202000080830B54F481A
:107980004F4940680122C4B20023002C01D00A7282
:1079900000E00B7201040C0E49494031002C01D06B
:1079A0000A7100E00B7101020C0E45498031002C78
:1079B00001D00A7000E00B70010E4148A030002990
:1079C00001D0027700E003773D48082248212038A3
:1079D000FFF78EFF3A48082250211838FFF788FF3A
:1079E0003748102258211038FFF782FF344804220C
:1079F00068210930FFF77CFF314808226C210D30E7
:107A0000FFF776FF2E48082274211530FFF770FF2C
:107A10002B4810227C211D30FFF76AFF28481022D6
:107A20008C212D30FFF764FF254804229C2145302E
:107A3000FFF75EFF22480822A0215130FFF758FFD0
:107A40001F481022A8215930FFF752FF1C4810226E
:107A5000B8216930FFF74CFF19480422C821813052
:107A6000FFF746FF16480822CC218D30FFF740FF74
:107A700013481022D4219530FFF73AFF1048102206
:107A8000E421A530FFF734FF0D480422F421BD3076
:107A9000FFF72EFF0A480822F821C930FFF728FF18
:107AA000074810221101D130FFF722FF0448FF21BF
:107AB00010221131E130FFF71BFF30BD40000808F4
:107AC0000830002003480449806AC8740014887490
:107AD0007047000000010808E8260020054A064813
:107AE000116A81820914C182516A01830914418398
:107AF0007047000000010808E827002070B586B034
:107B000014216846F8F767FB1F48018AC2890904F7
:107B100092B211430091014640394A8F438A1204C0
:107B20009BB21A4301924288898F120489B20A4398
:107B3000029241898288090492B21143039101465D
:107B4000203914228A568089110480B2014304919D
:107B50000FF09AFB0D4841682122120191434160C8
:107B60000B4D0C4E00206C4681004A19635813607F
:107B700030BF8A196158116030BF401C0528F3D30B
:107B80000AF0FCF906B070BDE82700200020024092
:107B900004000808040C0808F0B58BB02C216846D6
:107BA000F8F719FB3D48F8F72EFB3C4D0002153D58
:107BB000297D0843009028461930F8F724FB297ED8
:107BC00000020843019028461D30F8F71CFB297F6E
:107BD00000020843029028462130F8F714FB2C4697
:107BE00020342178000208430390601DF8F70BFB56
:107BF000217900020843049020460930F8F703FB7E
:107C0000217A00020843059020460D30F8F7FBFA70
:107C1000217B00020843069020461130F8F7F3FA62
:107C2000217C00020843079020461530F8F7EBFA54
:107C3000217D000208437D27603C0890FF00394603
:107C4000E06FF8F755FA06043946A06FF8F750FAD6
:107C500080B206430996216D287909020006090AB7
:107C600008430A900FF010FB0D48416821221201D1
:107C7000914341600B4D0C4E00206C4681004A1927
:107C80006358136030BF8A196158116030BF401CBF
:107C90000B28F3D30AF072F90BB0F0BDBD2F002012
:107CA0000020024018000808180C080810B50C48FD
:107CB000F8F7A9FA03020A481538007D03430FF0CC
:107CC000E3FA0848416821221201914341600648C5
:107CD000036030BF0548036030BF0AF04FF910BDA4
:107CE000BD2F00200020024018000808180C0808CA
:107CF00070B50F4D7D26F6003146A86FF8F7F8F9FC
:107D000004043146E86FF8F7F3F980B204430FF04A
:107D1000BBFA08484168212212019143416006489C
:107D2000046030BF0548046030BF0AF027F970BD19
:107D3000682F0020002002403C0008083C0C080886
:107D400000B501210A4800228174C2740B040FF0AF
:107D50009BFA08484168212212019143416006487C
:107D6000036030BF0548036030BF0AF007F900BD6B
:107D7000E82600200020024028010808280D0808F5
:107D80007CB51448C18A828A090492B211430091D9
:107D9000418B008B090480B2014301910FF074FA0A
:107DA0000D48416821221201914341600B4D0C4E58
:107DB00000206C4681004A196358136030BF8A194D
:107DC0006158116030BF401C0228F3D30AF0D6F886
:107DD0007CBD0000E82700200020024020010808A8
:107DE000200D08081CB519A00068194C009000224D
:107DF0002021204604F07DFFC82302226946154851
:107E000006F000FDC823012201A9124806F010FC6B
:107E100001222021204604F06CFF6A461179FB22E2
:107E200011406A46917040201070002220212046A7
:107E300004F05FFFC82303226946064806F0E2FC0F
:107E400001222021204604F054FF1CBD41130000F4
:107E500000040050403C00201CB519A00068194CDB
:107E6000009000222021204604F043FFC823022274
:107E70006946154806F0C6FCC823012201A912482C
:107E800006F0D6FB01222021204604F032FF6A468C
:107E90001179042211436A4691704020107000222B
:107EA0002021204604F025FFC82303226946064806
:107EB00006F0A8FC01222021204604F01AFF1CBD78
:107EC0004113000000040050403C00201CB519A0E4
:107ED0000068194C009000222021204604F009FF80
:107EE000C82302226946154806F08CFCC8230122EB
:107EF00001A9124806F09CFB01222021204604F033
:107F0000F8FE6A461179F72211406A4691704020C6
:107F1000107000222021204604F0EBFEC82303222B
:107F20006946064806F06EFC01222021204604F036
:107F3000E0FE1CBD4113000000040050403C002046
:107F40001CB519A00068194C009000222021204681
:107F500004F0CFFEC82302226946154806F052FC01
:107F6000C823012201A9124806F062FB0122202148
:107F7000204604F0BEFE6A461179082211436A4683
:107F800091704020107000222021204604F0B1FEA4
:107F9000C82303226946064806F034FC012220214A
:107FA000204604F0A6FE1CBD411300000004005052
:107FB000403C00201CB519A00068194C009000221C
:107FC0002021204604F095FEC82302226946154868
:107FD00006F018FCC823012201A9124806F028FB6C
:107FE00001222021204604F084FE68460179002207
:107FF000490849008170402101702021204604F089
:1080000078FEC82303226946064806F0FBFB0122DE
:108010002021204604F06DFE1CBD0000411300002D
:1080200000040050403C00201CB519A00068194C09
:10803000009000222021204604F05BFEC82302228B
:108040006946154806F0DEFBC823012201A9124843
:1080500006F0EEFA01222021204604F04AFE6A468C
:108060001179012211436A4691704020107000225C
:108070002021204604F03DFEC8230322694606481D
:1080800006F0C0FB01222021204604F032FE1CBD78
:108090004113000000040050403C00201CB519A012
:1080A0000068194C009000222021204604F021FE97
:1080B000C82302226946154806F0A4FBC823012202
:1080C00001A9124806F0B4FA01222021204604F04A
:1080D00010FE6A461179022211436A4691704020CF
:1080E000107000222021204604F003FEC823032242
:1080F0006946064806F086FB01222021204604F04E
:10810000F8FD1CBD4113000000040050403C00205D
:108110001CB519A00068194C0090002220212046AF
:1081200004F0E7FDC82302226946154806F06AFB01
:10813000C823012201A9124806F07AFA012220215F
:10814000204604F0D6FD6A461179EF2211406A46B6
:1081500091704020107000222021204604F0C9FDBB
:10816000C82303226946064806F04CFB0122202161
:10817000204604F0BEFD1CBD411300000004005069
:10818000403C00201CB519A00068194C009000224A
:108190002021204604F0ADFDC8230222694615487F
:1081A00006F030FBC823012201A9124806F040FA6C
:1081B00001222021204604F09CFD6A4611791022FC
:1081C00011436A4691704020107000222021204601
:1081D00004F08FFDC82303226946064806F012FB0F
:1081E00001222021204604F084FD1CBD4113000023
:1081F00000040050403C0020F8B51E4614460746D7
:10820000002917D001211A48008BF7F771FF0029C8
:108210002DD1184DA8798000C4402407240F002ECA
:1082200003D0E00708D0FFF7ADFFA00707D4FFF7A2
:108230004DFE06E00521E6E7FFF76AFFF5E7FFF7E9
:108240007FFE600702D4FFF7CDFD01E0FFF704FEDB
:10825000200702D4FFF7AEFE01E0FFF7E5FEA879A4
:10826000401CC0B2A871B84201D30020A871F8BD6B
:10827000E8250020282F0020F0B50F4C0E4661693C
:108280008BB01746884700210120079114220691E0
:10829000029208900491059108220391099001929D
:1082A0000091256A034632463946A847E16B0348E8
:1082B00088470BB0F0BD00001C8E0108102700009D
:1082C000FEB526A0006801902649254DC81DF9304D
:1082D000042608242A8D0746F7F764FF288D6A468E
:1082E000801E81B2384600F0EDF9684601781D4ADB
:1082F000288D921E825C914228D11A4A6946521EEC
:108300004978805C814221D100205922164D01A973
:1083100052012B189B181B7A0F5CBB4216D1401CD4
:10832000B042F6DB1149A81941180D4822462D30FC
:10833000F7F738FF002069235B010AE02918CA1803
:10834000517D002904D0527B8A4201D00020FEBD1D
:10835000401CA042F2DB0120FEBD00008B3CA47952
:10836000E832002010310020E8250020280B000012
:1083700010B5064800214278012A00D141700278E8
:10838000012A02D1017009F039FC10BD8C100020C7
:1083900010B504480021017102214171002100F053
:1083A000E7F910BDA410002010B586B004460420E3
:1083B00069460870684609F047F80198E07001982E
:1083C000000AA0700198000C60700198000E2070E7
:1083D00006B010BD10B5022000F03EF90648044674
:1083E000FFF7E2FF204603F043F9FFF75FFC024985
:1083F00001207439C87110BDBC2F002070B52A4807
:108400002A4D017869704078002800D0012028703A
:108410002848274901602849416028498160284946
:10842000C160224823491A30103102680A6042684C
:108430004A60006AC86005221E4808F061FD1D4CB4
:1084400002262034267028782071204609F078F81A
:108450001A202070A8782071204609F071F80520B4
:10846000114D2070103D2046656009F069F8062026
:1084700020702046656009F063F8002020702671A6
:10848000204609F05DF8012009F064FD2B202070E2
:1084900014206060204609F053F80A4800F000FA02
:1084A00009F052FD70BD000008300020921000203D
:1084B00049240108D022002075240108C92401089C
:1084C00001250108E825002000B514A003C887B0E5
:1084D0000591049000206946087012480190083800
:1084E00002902030407800280AD006A90E4805F0F6
:1084F0009EFC06210698F7F7FBFD04A8405C01E00E
:108500000A4840786946087301A90EC908480EC098
:10851000684609F0CBF907B000BD00000001020376
:1085200004050000F02F0020883B0020921000205E
:108530000823002001490120087070478C1000209A
:1085400010B503480EF0B8FB02490120487010BD79
:10855000B82100208C100020F8B51A4CA280A3701E
:10856000194C647A002C0AD1184C247F002C06D0B8
:108570000478A52C03D1164DAA842035AB710C4686
:10858000083CF82C01D30020F8BD124C21856285EF
:108590002246203213730A4601460F480546F7F774
:1085A00001FE208D6A46801E81B2284600F08AF8BE
:1085B000FFF786FE0028E7D0074901200839087137
:1085C000F8BD00008C10002028260020A8270020DD
:1085D000282F0020E83200201031002038B50EF09E
:1085E000D6FA104CE0606069401C6061684608F093
:1085F00053FB00980C49401C0090886701F0C0FFB5
:10860000052004F099FAFFF773FBFFF7F7FE00F07F
:1086100037FA064805218170E0680EF0BEFA206145
:1086200038BD00008C100020682F0020A8270020F3
:1086300010B5074905C805C10548012118388175DD
:10864000044903468A88203B9A848978817110BD49
:10865000602F00208C100020F0B587B00546002464
:1086600068462646047008F0EFFE68460179A94284
:1086700020D02800114F124D04D001281AD0022812
:1086800018D109E06846067108F05AFF002801D1A8
:10869000B9690EE02C460DE0002900D02C460220DE
:1086A00069460871684608F04BFF0028F2D1B969A5
:1086B00002208847204607B0F0BD0000AC10002023
:1086C000FFFFFFFFFFB5054616460F46002468462C
:1086D00000F01CF800206A460DE0C117090F0918C8
:1086E00009090901411A891809782B5C5940295454
:1086F00009198CB2401CB842EFDBD07B604030706F
:108700001178200A48407070FFBD00003FB513A1EA
:108710001EC96D461EC500216A46535C4354491C60
:108720001029FADB00212924104BA4015D182D1912
:10873000425C6D7B52194254491C1029F6DB002122
:1087400051246401425C5D18520842542D196D7F1A
:1087500052194254491C1029F4DB3FBD445981FD94
:1087600050FEC4AFE93223CCA11EA04CE825002066
:10877000F0B587B00D460FF095FD002856D12C4C72
:1087800005A9207909F0ACFA00210123294A002823
:1087900009D06D462970FA202871AB8120680290BB
:1087A0001078A8730DE0002D13D069460B70607926
:1087B000087120798881206802900820C873107899
:1087C0008873684608F090FD00280DD0012007B09E
:1087D000F0BD6B4619706079187120799881206816
:1087E000029010789873ECE704A808F055FA7D26FB
:1087F0000498F60031460746F7F77AFC0D4C05461B
:10880000A03C3146A06FF7F773FC854207D9A767F4
:1088100001F0B6FE052004F08FF9FFF769FA06496A
:108820000498884202D90620FAF76AF90020CEE7B8
:10883000A410002008300020C8AF000010B5044C80
:1088400063712060217111462046FFF791FF10BD32
:10885000A4100020FFB5104C89B061691E46102598
:10886000129F1046884700210C480890012007916C
:1088700008220591069102920190009603910490BE
:108880000A46666A3B462946B047226B0A99099810
:1088900090470DB0F0BD00001C8E0108B80B000021
:1088A000F0B504465120400191B020180090017BA2
:1088B000407A0525000609180098807A020400987D
:1088C000C07A000210180818089053204001271899
:1088D0007979387A09064018B979FA7909041202C7
:1088E0008918401810905520400126187178307969
:1088F00009064018B178F278090412028918401864
:108900000F9057204001201801782B20800120185B
:108910000D90407F000609180D98807F02040D9885
:10892000C07F0002101808180E90172008A90874BC
:108930000CA928460BF0ABFD0A90182008A9087472
:108940000CA928460BF0A3FD05460F2069460871C7
:108950004A482018029001A808F0F2FD102069464C
:108960000871464810382018029001A808F0E8FD68
:10897000002069460877009808A9007A08710D73ED
:1089800000206946C8850B98009007A80FC809F019
:1089900055F812206946087138483C30201802907A
:1089A00001A808F0CDFD13206946087133482C302A
:1089B0002018029001A808F0C3FD0120694608773D
:1089C00010980890387908A908710D73002069463D
:1089D000C8850B9807AF00900FCF09F02FF815202E
:1089E00069460871254878302018029001A808F0DF
:1089F000A7FD1620694608712048683020180290AB
:108A000001A808F09DFD0220694608770F9808909C
:108A1000307808A908710D7300206946C8850B9845
:108A200007AE00900FCE09F009F8182069460871CA
:108A30001248B4302018029001A808F081FD1920D6
:108A4000694608710D48A4302018029001A808F06A
:108A500077FD0320694608770E9808900D9808A9BD
:108A6000007F08710D7300206946C8850B9807AD1B
:108A700000900FCD08F0E2FF11B0F0BD4D0A0000EC
:108A8000F8B536480179002955D0027DC17D12061E
:108A90008918427D807D1204000210180D18304C98
:108AA0002E4E03202070403E306D6060204608F05E
:108AB00047FD042020702046656008F041FD092034
:108AC0002070354658352046656008F039FD0A208B
:108AD00020702046656008F033FD0B202070204692
:108AE000656008F02DFD0C20207028461030606075
:108AF000204608F025FD012525702571204608F047
:108B00001FFD6A46D57000209070022151701070D0
:108B100030202070204638380099C163383008F082
:108B20000FFDB06F09F006FA3046A03085700D4891
:108B300040698047F8BD0C48407A0028FAD00B48BD
:108B4000007E0128F6D00A48007F0028F2D10949AA
:108B5000401C8842FCDBFFF7B7FCF8BDA82F0020C3
:108B6000F0220020AC10002028260020682B0020D6
:108B70002834002000D4300010B500280AD106495E
:108B800006480EF016F8064904480EF083F8002057
:108B9000FFF7D6FC10BD000041850008B821002079
:108BA0001027000010B50448002101710221417115
:108BB0000021FFF7DDFD10BDA410002070B5B8B096
:108BC000DC216846F7F707FB0124042210216846E0
:108BD00001F00AFA052003F0AFFFFF21DB22453147
:108BE0006D4601A801F000FA0E4B0021CA189288C8
:108BF000685CD6B2B04201D0012000E000206E18BF
:108C00007678120A964201D0012200E00022104339
:108C100001D0002403E0891CC9B2DC29E6D3204638
:108C200038B070BD40000808F0B58BB0172008A917
:108C30000871052409A920460BF029FC07460720E6
:108C400008A9087109A920460BF021FC40B20A903E
:108C5000352008A9087109A920460BF018FC46B276
:108C6000362008A9087109A920460BF010FC0F4C0A
:108C70000546616938468847002101200C4A089260
:108C800007900822059106910292019000960391A7
:108C900004900A46666A2B460A99B0470548226B3B
:108CA000417B0E3090470BB0F0BD00001C8E0108D8
:108CB000B80B00002833002070B505460948002392
:108CC000094C0BE0EA5C50400822C60702D040087D
:108CD000604000E04008521EF7D15B1C8B42F1DB84
:108CE00070BD0000FFFF000001A00000F3B52748A1
:108CF0000B79C28F48794D78000218430E7881B005
:108D000040BA052D1FD0062D1DD0102D1BD0022DD1
:108D10001BD043005B1D9CB21C4BE7B24033588014
:108D20001F71019800F0AEF819483946019A009079
:108D300000F032F80746A01E81B20098FFF7BCFF92
:108D4000002F0AD01FE00824E6E7430703D04407BA
:108D5000640F641DE0E70624DEE70E49C3B20A197A
:108D6000212189015118CA789A420BD10979000A48
:108D7000814207D10648401F4179B14202D1807932
:108D8000A84200D001273846FEBD0000E82C002094
:108D90002D2E0020E825002010B502F0B5FE10BDF4
:108DA000FFB581B05E000546741D0A9F0321009740
:108DB000F61C029800F04EF8E1B23A462846FFF75A
:108DC000EBFF0746B1B22846FFF776FF002F11D11F
:108DD000291920398A7FC3B29A420AD1C97F000A71
:108DE000814206D129780298814202D1687803280D
:108DF00000D00127384605B0F0BDFFB581B05E0058
:108E00000546741D0A9F04210097F61C029800F085
:108E100021F8E1B23A462846FFF7BEFF0746B1B255
:108E20002846FFF749FF002F11D1291920398A7FE1
:108E3000C3B29A420AD1C97F000A814206D1297879
:108E40000298814202D16878042800D00127384670
:108E500005B0F0BD7CB56D46069C28706970100A9F
:108E6000A870EA70180A28716B7106216846FFF72E
:108E700023FFA871000AE87122460821684602F023
:108E8000E5FD7CBD70B50D460646144611462846E4
:108E9000FFF712FF28552919000A4870A41CE1B2F7
:108EA0003246284602F0D2FD70BDFFB581B00A9D62
:108EB0001F46690000910931C8B206460FF074FCE4
:108EC000019901700299044641700398010AA1704A
:108ED0000399E170290A217165710099A17100203F
:108EE00007E041007A5A130A0A19D371795C1172AA
:108EF000401CA842F5DBB01E81B22046FFF7DCFE25
:108F0000A11920398877000AC877314620460B9A84
:108F100002F09CFD054620460FF002FC284605B0F5
:108F2000F0BDFFB5082583B01E460F4628460FF05A
:108F30003BFC04460C98009601903A461021059B94
:108F40000398FFF7B2FF002801D005462AE0294622
:108F500020460C9AFFF720FF050023D1062120466A
:108F6000FFF7AAFE227803998A421AD16178102964
:108F700017D1A1783A0A914213D1E178FAB291421D
:108F80000FD12179320A91420BD16179F2B291422B
:108F900007D1A179C2B2914203D1E179000A81429D
:108FA00000D0012520460FF0BBFB284607B0F0BDDE
:108FB00010B50B4B00249A780A49904201D99C7055
:108FC0000AE0101A074AC0B29870403A127E8242F4
:108FD00002D80120887300E08C73987810BD0000DF
:108FE000E0100020C8270020F1B5534D514F287CD8
:108FF00084B0002807D101228021504803F079FE77
:109000000A2003F099FD0A214D4803F012FC02905A
:10901000287C002400284B4E029802D000283DD026
:1090200075E0002837D101203056142800DB747019
:10903000434803F017FBF7F778FB3946F7F746F993
:10904000F7F70CFC404A414BF7F7D6FAF7F742FC2A
:10905000F1783F4A002907D000218B00491CD050ED
:109060001429FADBF47003E0012171568900505095
:109070000027F4603648B9004158F068F7F7CDF89A
:109080007F1CF060142FF5DB3249F7F75CF9306193
:109090007078401C70700498048040E000203056C6
:1090A000142800DB3470264803F0DCFAF7F73DFBA8
:1090B0003946F7F70BF907463069F7F7CFFB009011
:1090C00001913846F7F7CAFB1F4A204BF7F794FA8D
:1090D000019B009AF7F71AFAF7F7FCFB002171568B
:1090E00000911B4F8900503F7850B4600024A000CD
:1090F0003958B068F7F791F8641CB060142CF6DBAF
:109100001449F7F720F970610098401C307012493B
:109110007069F7F7DBF8F7F74AFB04990880287CB9
:10912000002804D100228021044803F0E2FD0298C7
:1091300005B0F0BD00F0433F0826002000040050B9
:10914000E03B0020E0100020CDCCCCCCCCCC334098
:10915000A42300200000A0410000C842074B9978DA
:1091600009180748027E4030914202D39A700121CB
:1091700001E099700021817398787047E010002019
:109180008827002038B50021144805F049FF0C213C
:10919000124805F045FF124803F0AAFB114A0020CF
:1091A000114B15460446503581005450401C6B50FD
:1091B0001428F9DB0D490120C87002E0012003F0FA
:1091C000BBFC6846FFF710FF0028F7D10022802182
:1091D000074803F08EFD0748047438BD943B002017
:1091E000E03B0020542300200000A040E0100020BD
:1091F000000400500826002070B50122802112488A
:1092000003F077FD114C124861790125002917D030
:10921000057100F051F80F48017C00290FD1057449
:1092200041748030807C002809D0206E0DF0B5FCA0
:1092300006498039C969884201D2FEF781FE70BDB6
:1092400002210171E5E700000004005068270020BA
:10925000E01000200826002070B50122802112486D
:1092600003F047FD114C124861790125002918D0FF
:109270000221017100F020F80E48017C00290FD175
:10928000057445748030807C002809D0206E0DF074
:1092900084FC06498039C969884201D2FEF750FE34
:1092A00070BD0571E6E7000000040050682700204B
:1092B000E01000200826002010B50A486422017939
:1092C00080781307101AFF2280009532064C02297D
:1092D00003D001295A6303D000E05863226010BD17
:1092E000206010BDE01000204000004070B5134C1D
:1092F000207C002820D0124E01228021304603F02D
:10930000F8FC104900258D7003200871FFF7D4FF89
:10931000FF20F53003F010FC00228021304603F0DE
:10932000E8FC2574084865748573FF384138807CF3
:10933000002801D0FEF7CAFD70BD000008260020FD
:1093400000040050E0100020C827002070B500F095
:10935000EBFC234DE862052003F0EEFB00F068FB18
:109360002C4620342072052003F0E6FB00F0A0FA22
:109370002074052003F0E0FB00F0F8FD688605206E
:1093800003F0DAFB00F0F6FA2075052003F0D4FBB9
:1093900000F008FBA075052003F0CEFB00F0A7FA53
:1093A000A076052003F0C8FB00F092FAE0760520D5
:1093B00003F0C2FB00F0CEFA2077052003F0BCFBDF
:1093C00000F044FB6077052003F0B6FB00F09EFA46
:1093D000E075052003F0B0FB0120E07170BD0000D6
:1093E000E8260020F0B587B00026994C009601963B
:1093F00002960396E07900287ED0E671207A002854
:1094000008D002F027F8FF20A53003F095FB01F00B
:1094100029FE26728E4D203D2846E038E96A0490E8
:1094200000291ED088B2EA1F0914F93A2884118550
:1094300001280FD00146FF3915390BD00146FF39FD
:10944000163907D00146FF39293903D00146FF39C3
:109450001F3903D10120A0700499C87000F0C3FB2C
:10946000EE627C4F217C38464030FF3781370590D3
:10947000002908D0C08F79884018788001F0E2F880
:1094800000F049FB26743220285E002808D0059998
:10949000898F081A788001F0D5F86E8600F0ADFB50
:1094A000207DFF2802D0F7280ED019E0642003F0B9
:1094B00043FB00F0F1F97D20C00003F03DFB0320E9
:1094C000F9F71EFB26750BE0642003F035FB00F076
:1094D000E3F97D20C00003F02FFB0B20F9F710FB10
:1094E000607D002823D07D20C00003F025FB00F024
:1094F0001CFB7D20C00000E0A0E003F01DFB607DB0
:10950000012806D0022807D0042808D005280DD14C
:1095100007E0FDF7FBF809E0FCF7D6FE06E00120C6
:1095200000E00220FCF772FE4B490860667548486F
:10953000A17DA0300590002912D0642003F0FCFA30
:1095400000F014FB0120A8750DF021FBA8610DF0BF
:109550001EFB3866059901200877FAF7B1FCA6755D
:10956000607F00281FD0642003F0E6FA0122C121A9
:1095700003A800F039FD6946384D087B6876A87E5F
:10958000401CA8760020FAF769FD2E7669460E7217
:10959000687E48728E72A87EC8720422C02102A81A
:1095A00002F0BAF86677E17D002947D00598007F80
:1095B000002801D0102006E00498007C002801D08B
:1095C000082000E04020032924D004DC012907D032
:1095D000022928D11BE0042932D0FF2923D134E00D
:1095E000FDF7A8FD1A486A46E030C1890B121370D6
:1095F0005170018A0B129370D170408A011211715F
:1096000050710622E421684602F086F808E0FDF772
:10961000ADFD08E0FDF7BEFDFDF7B2FC00F088FFF0
:10962000642003F089FAFEF769FA052003F084FA52
:1096300000F085FA642003F07FFAE67507B0F0BD0C
:1096400000F026FFFEF79CFBEAE700F0F3FEE7E7F9
:1096500008270020E8250020F8100020282F0020EF
:1096600008B506490122087B401C0873694608704A
:109670000921684602F050F808BD00004827002084
:1096800070B586B000F0E2FBC02801D000F0C0FA4F
:1096900041A00068049041A000680025039068463E
:1096A000057005710422294604A8029502F034F8D9
:1096B0000A2003F041FA0422114603A802F02CF814
:1096C0000A2003F039FA01228B21354802F024F8F0
:1096D000334C193C607E012802D0022803D007E0F9
:1096E0000122742101E00122752101A800F07CFC17
:1096F0002C4E6946F078097988421BD0002919D090
:1097000019210220F8F71CF80A2003F015FA0120AD
:109710006946087002460B21684601F0FDFF694664
:109720000D750122204905A801F0F6FF00F05BFA53
:1097300006B070BD1C490222F93902A800F054FCA1
:109740006846407A192808D117490122F83902A839
:1097500001F0E2FF0A2003F0EFF9607E01280FD04C
:109760000228D1D101227521F01C01F0D5FF0A2079
:1097700003F0E2F904227C2103A801F0CDFFC3E746
:1097800001227421F01C01F0C7FF0A2003F0D4F974
:1097900004227821F0E70000000100060302110B0B
:1097A000812B0020E8250020AF030000F8B5AD2193
:1097B00004228900684600F017FC2A4C68460078AD
:1097C000607368468078A0726846C0782146E0726F
:1097D00040398978002903D1002801D000F05CF8D5
:1097E000E77A012102220325042600203B000DF028
:1097F0003BFE1A0E101012121214141429292929D2
:10980000292929292929292929121616122960729C
:1098100006E0617204E0627202E0657200E0667266
:10982000A77A3B000DF020FE1A1012121414141621
:1098300016161A1A1A1A1A1A1A1A1A1A1A1A1A1496
:109840001818141AE072E2E72072F8BD2172F8BD10
:109850002272F8BD2572F8BD2672F8BDE072607202
:10986000F8BD00002826002008B5C82003F064F9E0
:109870000020009007486A46417B1170817A917000
:10988000C07AD070AD2104228900684601F044FFFF
:1098900008BD00002826002008B501206946087090
:1098A00002460249684601F037FF08BD2B0200005E
:1098B00008B50020452100900222C900684600F04A
:1098C00093FB002801D0002008BD6846007808BD41
:1098D00038B50020044600900122BE21684600F001
:1098E00083FB002801D168460478204638BD38B58E
:1098F0000020044600900122BD21684600F074FB60
:10990000002801D168460478204638BD08B50020FB
:10991000694608700122FC21684600F065FB0028BA
:1099200001D0002008BD6846007808BD08B50020B9
:10993000694608700122FE21684600F055FB0028A8
:1099400001D0012008BD6946014A0978117508BD9A
:10995000C827002038B50020044600900122BF210E
:10996000684600F041FB002801D168460478204693
:1099700038BD000008B5002069460870012207497B
:10998000684600F031FB06490A7A12180A7200286C
:1099900001D0002008BD6846007808BD2B020000F9
:1099A0002827002008B500206946087001220549D3
:1099B000684600F019FB002801D0002008BD684669
:1099C000007808BDC404000030B5272300209B01A7
:1099D000094A4F2464011118CD182D7E002D03D1A2
:1099E0000919097A002901D0012030BD401C102836
:1099F000F1D3002030BD0000E825002008B500208C
:109A0000694608700122FF21684600F0EDFA00283F
:109A100001D0012008BD69460978044A0029117562
:109A2000F8D00249032220310A7108BD48260020DF
:109A300038B5B721002404228900684600F0D4FA22
:109A4000002801D16846C478204638BD08B50020FA
:109A500000900122C021684600F0C6FA03490028A0
:109A600002D1684600780876087E08BD282F0020BD
:109A70001CB500206946087001900122FD2168464E
:109A800000F0B2FA04460122FD2101A801F044FED3
:109A9000002C05D168460078002801D001201CBDAB
:109AA00000201CBD08B50020694608700122DB219A
:109AB000684600F099FA002801D0012008BD6946E7
:109AC0000A7801490A7708BDE827002010B500F0A0
:109AD0008AF8642003F030F800F01DF8642003F0E9
:109AE0002BF800F08AF8642003F026F800F01DF847
:109AF000642003F021F800F06CF8642003F01CF8F7
:109B000000F034F8642003F017F800F018F864202F
:109B100003F012F810BD08B5002045210090022284
:109B2000C900684601F0F8FD08BD08B50020694687
:109B3000087001220A21684601F0EEFD08BD08B553
:109B40000020694608700122FC21684601F0E4FD0E
:109B500008BD000008B500206946087001220249CE
:109B6000684601F0D9FD08BD2B02000008B50020B1
:109B70006946087001220249684601F0CDFD08BD22
:109B8000C404000000B587B0002001466A461154A5
:109B9000401C1428FBDB14228C21684601F0BCFD1C
:109BA000C82002F0C9FF07B000BD00B58BB000208F
:109BB00001466A461154401C2C28FBDB0A2002F0A7
:109BC000BBFFDB212C228900684601F0A5FD0BB00C
:109BD00000BD08B50020B721009004228900684626
:109BE00001F09AFD08BD1CB50020009008220190EC
:109BF0005101684601F090FD1CBD08B500208B2185
:109C0000009002228900684601F086FD08BD000030
:109C10001CB500F0F3F806A0006801907D20C0009C
:109C20000090032301AAAE21024803F09DFA1CBD57
:109C30000000C000F03A002010B50822782100F0A2
:109C4000D3F910BD10B50749497E012906D0022974
:109C500003D10422782101F05FFD10BD04227C2194
:109C6000F9E70000682B002010B57D24A40203E072
:109C70000020401CA042FCDB00F0E2F90028F7D1F4
:109C80001348C189002920D1018A00291DD1418AA8
:109C900000291AD1014640394A8F002A15D13C22A9
:109CA0008A5E7D21C9008A420FD14288002A0CD1E8
:109CB0000422825E8A4208D14289002A05D10C2200
:109CC000825E8A4201D1002010BD012010BD00003B
:109CD000E827002030B5134C36232246E17A403A7B
:109CE000D35E05290FD006290FD015462620285E01
:109CF000072909D1617B03290AD001290BD0052945
:109D00000CD0002900D1184630BD2820105E30BD8F
:109D10002420105E30BD2C20105E30BD2E20105E41
:109D200030BD00002826002038B50422002491010F
:109D3000684600F059F900280AD16A461178D078AF
:109D400009064018517892780904120289184418BB
:109D5000204638BD08B504220D49684600F044F994
:109D60000098694600BA000AC97800020843F6F76D
:109D7000D1FC0849F6F7E7FA7F21C905F6F74DFA55
:109D8000054988610861642002F0D6FE08BD000024
:109D900074050000286B6E4EE82C002010B500F012
:109DA000F7FA0748818A002908D1C18A002905D11C
:109DB000018B002902D1408B002800D0012010BD6A
:109DC000E827002010B50822182100F0E1F810BDA6
:109DD00010B501220921024800F006F910BD00006B
:109DE0005427002008B50020694608700122024966
:109DF000684601F091FC08BD0320000000B587B063
:109E0000142207A101A8F6F7CDF97D20C00000902B
:109E1000132301AAAE21074803F0A6F907B000BD3D
:109E20000900000000000000000009000000000020
:109E300000000000F03A002008B50122B421684675
:109E400000F0D2F86846007808BD00001CB500207C
:109E50007D24E4000190022301AAAE21009406486B
:109E600003F082F90123054AAE210348009403F070
:109E7000EFF8024800781CBDF03A0020EE240020E4
:109E800070B535A00FC890B00AAC0FC437210422BA
:109E900009010EA800F0A8F8DD211022890002A80F
:109EA00000F0A2F8E1211022890006A800F09CF839
:109EB000DB2104228900684600F096F8E52104229F
:109EC000890001A800F090F800200EA90AAD0A5CF4
:109ED0002B5C5A400A54401C0428F8DB002002AED8
:109EE00006AC0F22315C2B5C59403154131A215CB3
:109EF000EB5C59402154401C1028F3DB1A4A0E98A1
:109F0000506102AE3ACE10464038064658363AC640
:109F100006AE3ACE064668363AC66B4659789B7806
:109F200009021B04C9186B461B78C9186B460165EA
:109F3000D9781171002908D059797D22D200491CA5
:109F400051438167D979514301E000218167C1679D
:109F500000F016FB10B070BDD97938D1DE2A63D578
:109F6000BD8865CA96665FABA82F002008B58B2117
:109F700002228900684600F037F8002801D000204E
:109F800008BD6946087849780002401800B208BD4B
:109F9000FEB515460646080A6A4610715171FA2D3B
:109FA00001D90120FEBD0A2002F0C6FD7D27FF0079
:109FB000022301AAAE210A48009703F0D5F804460F
:109FC0002B46084AAE210648009703F041F820438B
:109FD00007462A4603493046F6F7E4F83846FEBD00
:109FE000F03A0020EE240020FEB515460646080A89
:109FF0006A4610715171FA2D01D90120FEBD0A2067
:10A0000002F09AFD7D27FF00022301AAA6210A483B
:10A01000009703F0A9F804462B46084AA6210648F3
:10A02000009703F015F8204307462A4603493046B7
:10A03000F6F7B8F83846FEBDF03A0020EE240020CE
:10A0400070B586B00622E42103A8FFF7CDFF6D4668
:10A05000A889194C40BAE081E8890C2240BA2082D4
:10A06000288AEC2140BA60826846FFF7BDFF298844
:10A070007D264ABA214640394A876A88F60052BA94
:10A0800012B28A87AB88002A5BBA6380EB885BBA1E
:10A090001BB2A3802D896DBA65816D466D896DBA3D
:10A0A0002DB2A58100D18E87002B00D1A680002D76
:10A0B00000D1A68106B070BDE827002000B587B0AA
:10A0C00014228C216846FFF78FFF68460278002132
:10A0D0001C4813000DF0C8F905042D2F313304007E
:10A0E00001766A46518849BA01840199D27909BA40
:10A0F000090A09021143016302996A4609BA090A69
:10A10000D27A090211436A468162117C8176517CC0
:10A11000C176917C0177D17C41770B49127D0A751C
:10A120006A46527D4A756A46D18A49BAC18307B0E8
:10A1300000BD0121D4E70221D2E70321D0E70421A9
:10A14000CEE70000682B0020A82C0020FEB50025DB
:10A150008BA0009500680190042210216846FFF74B
:10A1600043FF884C0822217A08182072FF214531CC
:10A170008548FFF739FF217A0822081820728248A3
:10A18000FF2108304D310646FFF72EFF217A1022BD
:10A19000081820727C48FF2155311030FFF724FF4A
:10A1A000217A03220818207201A93046F5F7FAFF38
:10A1B0007548FF21082269312D30FFF715FF217AFC
:10A1C0000422081820727048FF2165312930FFF7FA
:10A1D0000BFF217A0822081820726B48FF213530C6
:10A1E00071310646FFF700FF217A1022081820720D
:10A1F0006548FF2179313D30FFF7F6FE217A1022C4
:10A20000081820726048FF2189314D30FFF7ECFEBD
:10A21000217A03220818207201A93046F5F7C2FFFF
:10A2200068460178584801262030002901D006727E
:10A2300000E005725448FF21042299316530FFF790
:10A24000D3FE217A0822081820724F48FF2171306E
:10A250009D310746FFF7C8FE217A102208182072A8
:10A260004948FF21A5317930FFF7BEFE217A10223F
:10A27000081820724448FF21B5318930FFF7B4FE39
:10A28000217A03220818207201A93846F5F78AFFBF
:10A29000684641783C486030002901D0067100E0F2
:10A2A00005713948FF210422C531A130FFF79CFE1A
:10A2B000217A0822081820723348FF21AD30C931B5
:10A2C0000746FFF791FE217A1022081820722E48C7
:10A2D000FF21D131B530FFF787FE217A102208180F
:10A2E00020722948FF21E131C530FFF77DFE217A38
:10A2F00003220818207201A93846F5F753FF684673
:10A3000081782148A030002901D0067000E0057056
:10A310001D48FF210422F131DD30FFF765FE217A6F
:10A320000822081820721848FF21E930F531074645
:10A33000FFF75AFE217A1022081820721248FF21D6
:10A34000FD31F130FFF750FE217A102208182072FB
:10A35000832189000D48FFF747FE217A0322081860
:10A36000207201A93846F5F71DFF6846C1780748F5
:10A370004138002901D00677FEBD0577FEBD0000FB
:10A38000C48FC10028270020E82F0020E9300020DA
:10A390001CB50822DC216846FFF726FE6A46918834
:10A3A0000B4849BA09B28182D288002352BA12B24C
:10A3B0004283002900D18382C18A002900D1C3824F
:10A3C000018B002900D10383002A00D143831CBDE7
:10A3D000E827002008B500216A46117003000DF03F
:10A3E00043F810090B0B131517191B1D21211F23EF
:10A3F00027252527012000E00220107001220821D6
:10A40000684601F089F908BD0320F6E70420F4E767
:10A410000520F2E70620F0E70720EEE70820ECE74A
:10A420000920EAE70A20E8E70C20E6E70D20E4E748
:10A43000FF20E2E7154A00B585B00020114650879D
:10A44000403148807D234881DB0093878B808B815E
:10A45000C8810882488200906B4601901872587239
:10A4600003219972E822DA72187358739973DA73B8
:10A47000187458749974DA741422E421184601F09F
:10A480004BF9642002F058FB05B000BDA82700205E
:10A490001CB5084800218182C1820183418300915B
:10A4A00001910822DC21684601F036F9642002F0AF
:10A4B00043FB1CBDE827002030B51C48032104786D
:10A4C0000022012523000CF0CFFF110A0C0E140A04
:10A4D00016181A1C1E20222426282A2C0A00017075
:10A4E00002E0027000E00570417800291BD0427044
:10A4F00030BD0221F3E70421F1E70521EFE7062152
:10A50000EDE70721EBE70821E9E70921E7E70A2161
:10A51000E5E70B21E3E70C21E1E70D21DFE70E2161
:10A52000DDE70F21DBE7457030BD0000083000207B
:10A530000EB512496A46488F031213705070888F07
:10A5400001129170D0700D48403041880B12137188
:10A55000517181880B129371D17141890B12137261
:10A560005172808901129172D0720C22EC216846DE
:10A5700001F0D2F8642002F0DFFA0EBDA827002017
:10A58000F8B5002569460D700B4C7D26F600314666
:10A59000A06FF5F7ADFD694648708D703146E06FEC
:10A5A000F5F7A6FD6946C870E521042289006846D2
:10A5B00001F0B2F8F8BD0000682F002038B50F4C4C
:10A5C0007F21C9052069F5F779FE0D49F5F77EFE73
:10A5D000F6F7D4F8010E6A46117001145170011299
:10A5E0009170D07004220749684601F095F82069FF
:10A5F000A061642002F0A0FA38BD0000E82C002021
:10A60000286B6E4E740500001CB50D486A46818AA1
:10A610000B1213705170C18A0B129370D170018BA1
:10A620000B1213715171408B01129171D07108227C
:10A63000DC21684601F070F8642002F07DFA1CBD50
:10A64000E827002038B50020009008486A46408876
:10A6500001121170507002220549684601F05CF841
:10A660000446642002F068FA204638BD68270020BE
:10A6700026020000F0B5C1B000240094199415948E
:10A68000169423942494189417941E941F94209441
:10A690003594369437941A94382101A81B94F5F711
:10A6A0009AFD38A90C7600203F90FF482794289403
:10A6B0002CC82EAE2CC60DC83994349421943294F3
:10A6C0003394229425942AAD26940DC50C741C94C1
:10A6D0001D943A9429943B94149413940F941094D9
:10A6E0001194F2481294FFF76DFBFFF743F900282D
:10A6F00000D00120EE4FB870FFF728FD0122B021F5
:10A700003CA8FFF771FCE94C0422A41C217A08182C
:10A71000207238A8E749007C0873872189006846C1
:10A72000FFF762FC217A25460818207269460878EE
:10A7300049780002401801B2403529806A46907875
:10A74000D27800028018DC4A00B2E087914200DA39
:10A750002A80D9494942884201DD0846E087012222
:10A76000D6496846FFF740FC217AD04E081820727F
:10A7700068460078623670761121042249016846E5
:10A78000FFF732FC217A0818207269460878497868
:10A790000002401800B2F885002801D1C848F885A9
:10A7A0008921042289006846FFF71EFC217A0818D7
:10A7B00020726946087849780002401800B2BC4906
:10A7C0000028488503D1BE49B948494241856A46B7
:10A7D0009078D1780002401868808B21042289008B
:10A7E0006846FFF701FC217A0422081820726846A7
:10A7F000807828716846C078687114216846FFF730
:10A80000F3FB217A6B46081820726846C0783077CF
:10A8100098787077A5495A788231521C2D914A71E7
:10A8200000283ED000207077FF210822393118A877
:10A83000FFF7DAFB227A18A91018207208784978F5
:10A8400000024018208718A98878C97800024018AB
:10A85000608718A90879497900024018A087FEF797
:10A86000A5FF91210C22890015A8FFF7BDFB217AD5
:10A8700010AA08182072159810AF00BA010AD07DEE
:10A88000090201438F4881613A8B53BA8382179A38
:10A89000FF7F12BA120A12023A430262002902D062
:10A8A00003E00120BFE788498161FF272D37002B96
:10A8B00000D18782002A01D1844901622321082224
:10A8C000090123A8FFF790FB217A20AA081820721B
:10A8D000908941BAE981D08943BA6B81108A002BF3
:10A8E00040BA688202D17D22D2006A81002901D15A
:10A8F0008221E981002801D13220688220A8807C51
:10A900002874002836D00020287420A8C07C287322
:10A91000002831D00020287347210222C90035A821
:10A92000FFF762FB217A0818207230A8007D687258
:10A93000002823D00020687230AA507D5F49A8719A
:10A940000A2210311EA8FFF74FFB217A18AA081817
:10A950002072107E3070507EA87610AA908F20AAA8
:10A9600040BA288351787D22D2005143E961002802
:10A9700006D006E00120C7E70120CCE70120DAE796
:10A980002F83002901D15248E8610921042289015D
:10A9900036A8FFF729FB217A30AA08182072507ECA
:10A9A000B074917E1427F174002800D1B774002987
:10A9B00001D19620F0742521042209013AA8FFF75D
:10A9C00013FB217A30AA08182072108D414940BA31
:10A9D00038918882002802D13898F02181820020A5
:10A9E00095210090042289006846FFF7FDFA217A3C
:10A9F0006A4608182072107851780002401801B297
:10AA0000A9869078D2780002801800B2E8860029E2
:10AA100001D13149A986002802D12F484042E88659
:10AA20002721012209013BA8FFF7DEFA217A04223F
:10AA30000818207238A8007BE8759D21890029A894
:10AA4000FFF7D2FA217A0818207228A80079287511
:10AA500028A840796875002801D10A20687528A8BF
:10AA60008079A875002801D10520A87528AA0F486B
:10AA7000D1793E383D90C17273210822C90013A8D4
:10AA8000FFF7B2FA217A10AA08182072117B134836
:10AA9000002957D010A9097B417610AA517B017675
:10AAA000117CD07C09061BE0449301082627002076
:10AAB000E82500202833002090E8FFFF2A0200004C
:10AAC00048F4FFFFE8300020E093040040771B00CB
:10AAD00050C30000282F0020B4E2FFFF28340020DC
:10AAE0004018517C927C0904120289184118FE48D2
:10AAF000022241650E2137A8FFF776FA217A30AAA3
:10AB000008182072F948117F4170517F0170FFF7DA
:10AB1000D3FC082254211AA8FFF766FA217A18AA52
:10AB200008182072117AF24802290ED001224273CD
:10AB3000817318AA917B0171517A2822E971002949
:10AB400007D007E00221C943A6E7417381730021C2
:10AB5000F1E7EA71E979FF231431297210A9498DCF
:10AB6000E34E49BA69335943403EF163002901D1AC
:10AB7000E049F16318AB197B017700297ED02829C1
:10AB800000D90277597B4177002978D0282900D94C
:10AB9000427738221C2101A8FFF726FA227A69465B
:10ABA000101820720198D44F00BA020AC879120214
:10ABB0000243D1488037C266029909BA0A0A694637
:10ABC000C97A12020A430267039909BA0A0A694656
:10ABD000C97B12020A434267049909BA0A0A694604
:10ABE000C97C12020A438267059909BA0A0A6946B2
:10ABF000C97D12020A43C2670698694600BA000A74
:10AC0000C97E0002084338600798694600BA000A06
:10AC1000C97F000208437860089808A900BA000AB2
:10AC2000C97800020843B860099808A900BA000A68
:10AC30000002C9790843F8600A9808A900BA000A16
:10AC4000C97A0002084338610B9808A900BA000AC3
:10AC5000C97B0002084378610C9808A900BA000A71
:10AC6000C97C000208436946B861888E40BAB8833F
:10AC7000C88E08A940BAF8830A7E01E025E026E0E4
:10AC800038462030319082724A7EC272012267219A
:10AC90003EA8FFF7A9F9227A38A910182072944823
:10ACA000097EC0384171062268211CA8FFF79CF973
:10ACB000227A18A910182072087C497C00024018DA
:10ACC00000B2A885002804D005E007775AE7477747
:10ACD0005FE78A48A88518A9887CC97C00024018CB
:10ACE00000B2E885002801D18548E88518A9087DCB
:10ACF000497D000240180004000C288602D1FF2084
:10AD0000F53028860822A42127A8FFF76DF9217ABB
:10AD100008182072002027A90A5C002A05D1401CCF
:10AD20000828F9DB3F9800281BD000204300704A18
:10AD300027A99C46C95AC03A9B18252292019A1805
:10AD4000964663462AAAD25A401C11407246518543
:10AD50000428EBDB38980721408D08433899488553
:10AD600005E0624806222EA9B638F5F71BFA022242
:10AD70001A2132A8FFF738F9217A30AA0818207270
:10AD80002D99107AC871517A2D9A0028117202D12A
:10AD90002D981822C271002902D12D980821017224
:10ADA0000422C82133A8FFF71FF9217A081820725E
:10ADB000339830A900BA000AC97B000208433D99C4
:10ADC000C86102D13D984F49C1610222D02139A802
:10ADD000FFF70AF9217A30AA08182072908C40BA3D
:10ADE0007083002802D17D20C0007083FEF706FE2C
:10ADF000227A10182072FEF799FD227A101820721C
:10AE0000FEF750FE227A88211018207201223E4857
:10AE1000FFF7EAF8227A101820723B481638817D35
:10AE2000002901D0002100E001218175FFF746F9DA
:10AE3000FEF7A8FE2E480122D8214538FFF7D4F8A6
:10AE4000217A081820722A486038C17E002901D171
:10AE50000321C176FF210222213134A8FFF7C4F873
:10AE6000227A30A910182072087C497C0002401810
:10AE70001F490822C0398887FF21193121A8FFF70F
:10AE8000B3F8227A20A910182072888820AA40BA24
:10AE90007887C98820AB49BA39871289002852BA05
:10AEA000BA879A7A319B9A7720ABDA7A319B1A73F8
:10AEB00001D116487887002901D1154838879B2190
:10AEC0000822C90025A8FFF78FF8217A20AA0818C0
:10AED00020722598D17D00BA000A000208436862FA
:10AEE000269909BA090A15E0E83300200830002045
:10AEF000A8260020805A2500E827002060F0FFFFE8
:10AF000070170000C02709009E2C0020B60B00001F
:10AF10009A290000D27E09021143A962002801D1BA
:10AF200046486862002901D14548A862A121102243
:10AF3000C9000FA8FFF758F8002830D108A94148E8
:10AF4000097F817108A9497FC17108A9897F0172B0
:10AF500008A9C97F417210A90978817210A949789E
:10AF6000C17210A98978017310A9C978417310A919
:10AF70000979817310A94979C17310A9897901747C
:10AF800010A9C979417410A9097A817410A9497A64
:10AF9000C17410A9897A017510A9C97A4175FEF7A3
:10AFA000D9FEAF210822C9002748FFF71DF8217AF2
:10AFB00008220818207224480B21C9010930FFF724
:10AFC00013F8217A01220818207209211F48FFF77F
:10AFD0000BF8217A0122081820729B2189001C4855
:10AFE000FFF702F8217A0818207219481838017EF4
:10AFF000002901D0002100E0012101760122712108
:10B0000040A8FEF7F1FF217A0818C0B2207240A9CB
:10B0100009780B000CF028FA050F0F04070D0F003C
:10B020000221317102E0002131710321717141B0BF
:10B03000F0BD0421F5E70121F3E7000051EC2818E9
:10B040001349D7FDE82500201D3300205427002098
:10B05000202D002001B501226721684600F05CFB2D
:10B0600008BD00001CB50D486A46806C010E1170C9
:10B07000010C5170010A9170D07008484030817CF9
:10B080001171002151718089010A9171D071FF21E4
:10B0900008223131684600F03FFB1CBDE82E00203D
:10B0A00008B50020694608700122BF21684600F0FB
:10B0B00033FB08BD08B500216A461170012807D08E
:10B0C000002804D10122BE21684600F025FB08BDFE
:10B0D0000122BD21F8E770B58EB00D460446164634
:10B0E00038216846F5F777F820686946000E087041
:10B0F0002068001448702088001288702078C8707A
:10B100006068000E0871606800144871A088001221
:10B1100088712079C871A068000E0872A0680014B8
:10B120004872208900128872207AC872E068000E86
:10B130000873E06800144873A08900128873207BAC
:10B14000C8732069000E0874206900144874208AAE
:10B1500000128874207CC8746069000E08756069EC
:10B1600000144875A08A00128875207DC875A069F2
:10B17000000E0876A06900144876208B00128876AD
:10B18000207EC876E0693822000E0877E069001456
:10B190004877A08B00128877207FC877206A08A99B
:10B1A000000E0870206A00144870208C001288700D
:10B1B000208CC870606A000E0871606A00144871C3
:10B1C000A08C00128871A08CC871A06A000E087251
:10B1D000A06A00144872208D00128872208DC872F7
:10B1E000E06A000E0873E06A00144873A08D001234
:10B1F0008873A08DC8732888001208742878487452
:10B20000688800128874A878C874307808757078D7
:10B2100048751C21684600F07FFA0EB070BD000032
:10B220001CB5114A6B46508D011219705870D08DA3
:10B23000022201121971587189218900684600F0B3
:10B240006BFA642001F078FC11210222490101A867
:10B2500000F062FA642001F06FFC03480122B5217E
:10B260003A3000F059FA1CBDE825002008B56946BF
:10B2700008700122B421684600F04EFA08BD0000B3
:10B280001CB50D486A46418F0B0A13705170018F2F
:10B290000B0A9370D170808F0112117150710648A2
:10B2A0002030817F9171007BD071FF2108221931FC
:10B2B000684600F031FA1CBD6828002000B51D4822
:10B2C00087B0017E6A46117000215170018C0B0A13
:10B2D0009370D170016B0B0E13710B0C53710B0A31
:10B2E0009371D171816A0B0E13720B0C53720B0A9E
:10B2F0009372D172C16A0B0E13730B0C53730B0A4A
:10B300009373D173817E1174C17E5174017F9174E6
:10B31000417FD17408490B7D1375497D5175C08BF0
:10B32000010A9175D07519228C21684600F0F4F954
:10B3300007B000BD682B0020A82C002000B51948DC
:10B3400085B0C18C6A460B1213705170018D0B12BF
:10B350009370D170418D0B1213715171818D0B124D
:10B360009371D171C18D1172018E5172418E9172A2
:10B37000818ED172014620310B791373CB785373D0
:10B38000897891730021D173808B030A13745074F0
:10B390009174D1744B211422C900684600F0BCF9A5
:10B3A00005B000BDE82C002008B5694608700122F0
:10B3B000B621684600F0B0F908BD000008B509499B
:10B3C0006B46C888497919705970020A9A70D8700A
:10B3D00004227021684600F09FF9642001F0ACFB64
:10B3E00008BD00006826002008B503000CF03CF8FA
:10B3F00010090B1416181A1C1E20222426282A2C89
:10B400002E30012000E002206946087001220F2141
:10B41000684600F081F908BD0320F5E70420F3E752
:10B420000520F1E70620EFE70720EDE70820EBE72E
:10B430000920E9E70A20E7E70B20E5E70C20E3E72E
:10B440000D20E1E70E20DFE70F20DDE71020DBE72E
:10B450000020D9E7F8B53C2000900DF0A5F904468E
:10B46000F8F70AF80746FEF735FC0546F9F7EEF857
:10B47000002121706170A170424AE170507B2071FF
:10B48000D07A6071380AA071E77128122072657253
:10B4900015464035E889FF320012A072A87BE072A1
:10B4A0002132107C2073507D6073288A0A22000AA2
:10B4B000A073287CE073688F0A2350430012207425
:10B4C0006A8F0A2042436274688A2F4A000AA07475
:10B4D000A87CE074908C00122075908C6075A88A0E
:10B4E000FF22000AA075287DE075E88A000A207610
:10B4F000A87D6076A276E276244AD08B584300126B
:10B500002077927F5A432F4662774037B88A264683
:10B510000012A077387DE077203631707170E88DA9
:10B520001949000AB070E88DF0700822C831301D4A
:10B53000F4F738FE144920460822F5312C30F4F790
:10B5400031FE388A00123075387C7075288F000AF9
:10B55000B075288FF0750D488038016E090E317670
:10B56000016E090C7176016E090AB176006EF076F3
:10B57000B72189002046009A00F0CEF820460DF051
:10B58000CFF8F8BD28260020282F0020E82C002026
:10B5900070B531A00FC88EB009AC0FC432A00068DE
:10B5A000009032486B46016D19700A0A5A70090CF6
:10B5B00099700146403149690D91014658311EC9C3
:10B5C00001AD1EC568300FC80FC500200DA90A5C6B
:10B5D0002B5C5A400A54401C0428F8DB002001AEC2
:10B5E00005AC0F22315C2B5C59403154131A215C9D
:10B5F000EB5C59402154401C1028F3DB1B48FF2111
:10B6000004224131543000F087F8642001F094FAAC
:10B610003721042209010DA800F07EF8642001F012
:10B620008BFADD211022890001A800F075F8642052
:10B6300001F082FAE1211022890005A800F06CF8DF
:10B64000642001F079FADB2104228900684600F0C9
:10B6500063F80EB070BD0000D97938D1DE2A63D509
:10B66000BD8865CA96665FAB00000001682F0020A8
:10B6700010B5FF210422413100F04EF810BD00004A
:10B6800008B5010A6A4611705070022202496846E4
:10B6900000F042F808BD00003202000010B501229F
:10B6A000172100F039F810BD08B5002801D000209E
:10B6B00000E00E206946087001220249684600F049
:10B6C0002BF808BD3602000008B5010E6A4611705D
:10B6D000010C5170010A9170D070912104228900EF
:10B6E000684600F019F808BD08B5010A6A461170ED
:10B6F000507049210222C900684600F00DF808BDCB
:10B7000008B501126A461170507089210222890021
:10B71000684600F001F808BD38B515460A46130A18
:10B72000014668460370D2B24270FA2D01D9012059
:10B7300038BDEFF3108472B60C48037042702A468D
:10B74000801CF4F72FFD7D20C000AD1C0090ABB233
:10B75000064AA621064801F007FD054684F3108835
:10B76000012001F0E9F9284638BD0000F42300204B
:10B77000F03A0020F8B5584C402626700A20607038
:10B780002027564DA77000223946284601F0B1FA0D
:10B79000012303222146524803F034F8009001228D
:10B7A0002021284601F0A5FA009800287ED12670B5
:10B7B0000B206070A77000222021284601F099FA22
:10B7C000012303222146464803F01CF807460122C4
:10B7D0002021284601F08DFA002F79D1267067705C
:10B7E0000F20A0703A462021284601F082FA01235A
:10B7F000032221463A4803F005F800900122202157
:10B80000284601F076FA0098002861D126701220AF
:10B8100060703020A07000222021284601F069FAD3
:10B820000123032221462E4802F0ECFF0090012262
:10B830002021284601F05DFA0098002848D12670A2
:10B8400001206070A77000222021284601F051FAE3
:10B85000012303222146224802F0D4FF0746012299
:10B860002021284601F045FA002F31D126701320FF
:10B8700060708020A07000222021284601F039FA53
:10B88000012303222146164802F0BCFF074601228D
:10B890002021284601F02DFA002F19D1267004200E
:10B8A0006070FF200022A070202100E010E02846F8
:10B8B00001F01FFA012303222146094802F0A2FFEA
:10B8C000044601222021284601F013FA002C01D061
:10B8D0000120F8BD2046F8BD0911002000040050E9
:10B8E000403C002038B514A00068009001210520DC
:10B8F00000220903000701F0FCF9012001F01CF906
:10B900006006400E69468870402008700B4C00228B
:10B910002021204601F0EDF9012303226946084861
:10B9200002F070FF01222021204601F0E2F97D2083
:10B93000C00001F001F938BD4113000000040050BF
:10B94000403C002038B50FA10968009180210843D0
:10B9500069468870402008700B4C00222021204648
:10B9600001F0C7F9012303226946084802F04AFFA3
:10B9700001222021204601F0BCF97D20C00001F009
:10B98000DBF838BD4113000000040050403C0020AB
:10B990007CB514460D46002821D0012847D113203C
:10B9A00023A10968009169464870224E0022202197
:10B9B000304601F09EF90123022269461E4802F03A
:10B9C00021FF01231A4601A91B4802F031FE012282
:10B9D0002021304601F08DF90123002004E01220DF
:10B9E000DEE759060B0E401CA842FADB012C02D000
:10B9F000002C05D008E0694608791843887003E0F8
:10BA00006A46117999439170402069460870002276
:10BA10002021304601F06DF90123032269460648D2
:10BA200002F0F0FE01222021304601F062F97CBDD7
:10BA30004100000000040050403C00200248017812
:10BA4000491C017070470000D010002070B50C46F2
:10BA50000546012A02D0002A10D01DE0012205204F
:10BA60001103000701F045F9184801F06AF90120B7
:10BA700001F062F82246294614480AE001221146E4
:10BA8000134801F036F9134801F05BF922462946C4
:10BA9000104803F05BFD05460F4C002666600BF076
:10BAA00076F8A06066700BE0A0680BF076F8606036
:10BAB0006078002804D060683C2805D3032070BD5E
:10BAC00060683C28F0D3F9E7284670BD10390020A3
:10BAD000001C005080390020D010002010B501213A
:10BAE000052000220903000701F003F900220121CB
:10BAF000034801F0FEF803484178491C417010BD2D
:10BB0000001C0050D0100020F7B50E46002A02D0CD
:10BB1000012A13D104E00022194D0121194805E042
:10BB200001210520184D00220903000701F0E1F86A
:10BB3000012001F001F8284601F0E8F8134C002735
:10BB400067600BF024F8A06032462846009903F0A5
:10BB500045FC27700EE0A0680BF01FF860600C48F1
:10BB600001F0ECFB2078002804D060683C2805D365
:10BB70000320FEBD60683C28EDD3F9E70020FEBD40
:10BB800080390020001C005010390020D010002007
:10BB9000783B0020F7B50E46002A02D0012A13D1C7
:10BBA00007E01B4D284601F0B1F800220121194899
:10BBB00008E0194D284601F0A9F8012105200022CE
:10BBC0000903000701F095F8144C002767600AF09C
:10BBD000DEFFA06032462846009903F0FFFB7D257A
:10BBE0002770ED0009E0A0680AF0D7FF60600C48FC
:10BBF00001F0A4FB2078002802D16068A842F2D3AB
:10BC00006068A84201D30320FEBD0020FEBD0000F5
:10BC100080390020001C005010390020D010002076
:10BC2000783B002010B5002803D0012802D1094C30
:10BC300000E0094C052000F07FFF204603F012FAD7
:10BC4000052000F079FF2068816908221143816195
:10BC5000002010BD103900208039002008B50020D8
:10BC6000694608701248C07A00281CD11048C030BC
:10BC7000007D02070F48120F817C002914D000219B
:10BC8000007B0901C0070A43800E024309482030A7
:10BC9000C07800280AD00020800102436846027064
:10BCA0000121F9F78FFA08BD0121E9E70120F3E747
:10BCB0002826002028270020F8B50646002201206B
:10BCC000204D002924D0012903D0022901D00429C4
:10BCD00035D100900423022201211A48FDF760F8B3
:10BCE000044618480179C3780A021A437D21037A71
:10BCF0008901C77918023843521A401A297A12B2B8
:10BD000000B2002902D1E979002918D0024616E0D4
:10BD100000900223002201210A48FDF741F8044661
:10BD2000E81CF4F770FA00BA000AA9790002084387
:10BD300000B20A21F4F7F2F90A21484302B2328034
:10BD40002046F8BD88340020F1B5514882B0017F0B
:10BD5000FF386138002901D0102110E04D49097CDD
:10BD6000002901D008210AE0427D4021402A06D066
:10BD7000417501218175C1750176417600E04175FB
:10BD8000FBF794FA434C424D2034102040351A21E1
:10BD9000205E695E461A1420285E3F497043F4F71E
:10BDA000BDF9218B081A00B2A08400901620285EED
:10BDB00039497043F4F7B2F9618B081A01B2E18492
:10BDC0001820285E0F4670433349F4F7A7F9A18B7A
:10BDD0000123081A02B22285608AE083A08A298A98
:10BDE000401A2084E08A698A401A608439460098A3
:10BDF000FBF7A2FA294D2946F4F768FAF4F7BEFCDE
:10BE00006085282226212420A25E615E205EFBF749
:10BE1000BDFA2946F4F75AFAF4F7B0FCE08522227D
:10BE200020211E20A25E615E205E0223FBF784FAC1
:10BE30002946F4F74BFAF4F7A1FCA0851622142149
:10BE40001220A25E615E205E0023FBF775FA294690
:10BE5000F4F73CFAF4F792FC208616221421122003
:10BE6000A25E615E205EFBF791FA2946F4F72EFA96
:10BE7000F4F784FC608606482030007D002804D05A
:10BE80002C20205E02990880FEBD2A20205EF9E762
:10BE9000A827002008260020A08601000000C84234
:10BEA00010B50C4CA07E00280FD020462030007921
:10BEB00004280BD0FFF716FDFF20F53000F03CFE04
:10BEC000E07E022801D00020A07610BD00F064F8CA
:10BED000F6E700004826002070B50F4CA07E002831
:10BEE0000CD12046203000790125042807D0FFF727
:10BEF00029FDFF20F53000F01FFEA57670BD00F093
:10BF00008BF805490022E031002802D0A2768D741A
:10BF100070BDA5768A7470BD4826002038B50446E9
:10BF2000012003460146009000220548FCF738FF37
:10BF300003490A79CB781102194349BA218038BDE7
:10BF40008834002038B501200146009008231F22C4
:10BF50000F48FCF725FF0E4B1979DA7809021143D7
:10BF60004ABA0C49CA801A469479557924022C435E
:10BF700064BA0C811C7ADD7923022B435BBA4B81B6
:10BF8000937A547A1A02224352BA8A8138BD000049
:10BF9000953400206826002030B51CA003C885B069
:10BFA00000901C48019100240179254604A8FFF760
:10BFB00083FE002827D1322000F0BEFDFF22082199
:10BFC00002A8F4F701F9062269460120FCF75AFF9E
:10BFD0000122082102A8FCF7DFFE002803D001207F
:10BFE000FFF720FE06E0082202A96846F4F7FEF8F3
:10BFF000002802D0641CE4B201E06D1CEDB2042CF8
:10C0000001D2022DD7D305B030BD0000014300128C
:10C010000000E4006826002030B522A003C885B0E7
:10C020000290002003910090694601900882044626
:10C030001E480125017904A8FFF73EFE00282CD0F8
:10C040000120FFF7EFFD322000F076FDFF220821EE
:10C050006846F4F7B9F8062202A90120FCF712FF9E
:10C06000012208216846FFF795FD002809D0641CCD
:10C07000E4B20120FFF7D6FD032C0FD2002DE2D150
:10C080000CE00822694602A8F4F7B0F8002802D0B4
:10C09000641CE4B2F0E70025EEE70025284605B071
:10C0A00030BD000001430012FFFFE5B0682600200C
:10C0B000704700001FB5044600290BD000220092F3
:10C0C000019202920392022C06D0032C06D0082083
:10C0D00004B010BD0720FBE7062000E005206A46FB
:10C0E000107000A8082201300CF0B7FB0548234669
:10C0F00001226946006809F0EFFF0028E8D00C2013
:10C10000E6E70000981B0020F0B51D4685B01646F6
:10C110000B00044613D0002E11D0002D0FD00021AB
:10C120000091019102910391042C0AD0052C08D0B2
:10C13000062C06D0072C06D0082005B0F0BD07203D
:10C14000FBE7012000E00220694608706F460322E9
:10C150001946781C0CF076FB03223146381D0CF092
:10C1600071FB02222946F81D0CF06CFB05482346A2
:10C1700001226946006809F0AFFF0028DDD00C20DD
:10C18000DBE70000981B0020FFB585B0164604468B
:10C19000002915D0002E13D00898002810D00022B6
:10C1A00001250092019202920392042C0AD0052CE0
:10C1B0000AD0062C25D0072C25D0082009B0F0BDC8
:10C1C0000720FBE7012000E003206A4610706F465D
:10C1D0000322781C0CF036FB08223146381D0CF087
:10C1E0003CFB022203A808990CF02CFB07482346CD
:10C1F0002A466946006809F06FFF0028DED00C204F
:10C20000DCE70420E1E700250220DEE7981B0020A0
:10C2100000280BD0002909D0027B20301307002B07
:10C2200006D00378002B03D000200EE003207047D7
:10C23000037A002B03D0120703D016207047012089
:10C2400003E00078002803D0032008700020704726
:10C250000220FAE77047704710B5012000F088FC13
:10C26000022000F085FC10BD10B5042000F080FC19
:10C27000082000F07DFC10BD10B5102000F078FC07
:10C28000202000F075FC402000F072FC802000F0BF
:10C290006FFCFF20013000F06BFC0120400200F039
:10C2A00067FC0120800200F063FC0120C00200F066
:10C2B0005FFC0120000300F05BFC0120400300F064
:10C2C00057FC0120800300F053FC0120C00300F064
:10C2D0004FFC10BD1020F6F713FCFEE710B505204B
:10C2E000F4F728FF10BD10B50420F4F723FF10BDAC
:10C2F00010B50620F4F71EFF10BD10B50220F4F7AC
:10C3000019FF10BD10B50720F4F714FF10BD10B5CC
:10C310000320F4F70FFF10BDF0B589B005460F9C60
:10C320000E989446002C14D0002600960196029692
:10C33000012703960496059606966A460796177493
:10C34000002B08D0012B06D0022B06D0062009B006
:10C35000F0BD0720FBE7177501E002231375634664
:10C36000537591750B0AD3750B0C1376090E517624
:10C370009076010AD176010C000E11775077D777AD
:10C38000002D15D013460622102104A809F06AFEDC
:10C39000002801D00C20DAE700206A4606E03118B8
:10C3A000635C175C7B40401C6354C0B2A842F6D368
:10C3B0000020CCE70649800008580649401803D001
:10C3C000C84203D000207047012070470220704708
:10C3D000F48E0108702FFCFF38B51A4C1848206005
:10C3E0008B20800060602046143004F06DF92061DD
:10C3F00000200090124869467438006F007808F0F9
:10C400003DF8A0600098E06020461C3009F0AEFEC8
:10C41000A0612046243003F0ABFF206220462C3080
:10C4200003F043FFA0622046343004F08DF820630F
:10C4300020463C3004F090FBA063204638BD00004D
:10C440001C190020481B002070B5054614460846FC
:10C4500004E00178A94204D003F0CEFEA042F8D156
:10C46000002070BD10B5094B0021CA009C588442C1
:10C4700007D8D2189268824203D9C800C018007940
:10C4800010BD491CC9B21529EFD3FEE76C8D010818
:10C4900010B5084B002294001C5D844204D190002A
:10C4A000C0180860002010BD521CD2B2052AF2D379
:10C4B000092010BD5C10002010B50D4B00221401A6
:10C4C0001419E418FF34FF340234247B844208D169
:10C4D000100110188322C0189200801808600020F4
:10C4E00010BD521CD2B2162AE9D3032010BD0000A1
:10C4F000341E002038B50A496C460A6FD11DF93147
:10C500000B78A37060700C202070487D012801D149
:10C510000D2020701078214607F0B9FFC0B238BD59
:10C52000A8180020F8B5054604464035287D0026A9
:10C53000012808D001202875206881688907890FA3
:10C5400001290ED101E00220F8BD0168C90708D019
:10C55000A06D20210843A0650126002028753046E3
:10C56000F8BDA16DFF220132914302221143A16562
:10C57000C1688907890F0091C16889088900C16075
:10C580002068816892071143816000F0B9FB07467B
:10C590000EE000F0B5FBC01B0A2809D9A06D0221EE
:10C5A000884310210843A065002028750120F8BDAC
:10C5B000206880680028ECDB2068C168009A11437D
:10C5C000C160A06D80088000401CA065C5E7000028
:10C5D000F8B505460C464035297D01290DD00121CD
:10C5E000297501688A68520709D5816D2022114397
:10C5F0008165002028750120F8BD0220F8BD174B89
:10C600006268D80547109A42154E8A6A236812D08C
:10C610005B035B0B1A438A622168490305D5B16845
:10C620000143B1600A20F4F729FB2068800312D58A
:10C63000B06838430EE05B035B0B9A438A62216863
:10C64000490302D5B1688143B1602068800302D5F7
:10C65000B068B843B06000202875F8BD0110000034
:10C66000002701400068006C7047000070B50400AE
:10C6700006D0A06D254600264035002802D006E0F1
:10C68000012070BDE6652E75204600F0D1F8A06D42
:10C69000C00603D420688168490705D5A06D102124
:10C6A0000843A0652E75EBE7A16DFF22013291438F
:10C6B00002221143A16581685B4A8907890F01291C
:10C6C00002D10168C9072BD1032361689B079942F6
:10C6D00005D05B42994202D05B00994209D10169C1
:10C6E0008900890801612068016963681943016153
:10C6F0000CE0016989008908016190680F218904B3
:10C700008843906090686168084390602068C168C1
:10C7100018239943C1602068C168A3681943C160A8
:10C72000906801214906884390609068218F4906EE
:10C730000843906020688168C90004D481680122A0
:10C740001207114381602068C168384A1140C160F6
:10C750002069E168022823D000200143206A226B6F
:10C760004003520010430143606B0143A069800302
:10C770000143E069C00301432068C2681143C160FE
:10C78000A06A0146FF39C23905D0E16A0843216831
:10C79000CA681043C860606A0121012802D00BE01A
:10C7A0000420DAE7206A002823D0A06D202210435D
:10C7B000A065E06D0843E065206C012820681FD06B
:10C7C0000169C90703D0016949084900016120686E
:10C7D0004169C908C900416120684169E26B1143A0
:10C7E0004161E665A06D80088000401CA0650020C6
:10C7F00070BD2068C26801231B041A43C260DBE7D6
:10C800000269FF239B009A43026120680269636CFE
:10C81000E56C1A43A36C2B431A430261206802693A
:10C820000A430261D3E70000002701401902FEFF1E
:10C830007047F8B504464069274640370D4608283A
:10C840000BD02068C068C00709D0A06D2021084324
:10C85000A065002038750120F8BD082600E00C26F0
:10C8600000F04EFA009011E0681C0FD0002D05D0AA
:10C8700000F046FA0099401AA84207D9A06D042199
:10C880000843A065002038750320F8BD20680068C3
:10C890003042E9D0A06D012149020843A06520681B
:10C8A000C1680C220905890F00291AD1216A0029C3
:10C8B00017D10168090714D58168012349070029A8
:10C8C00008DB416891434160A06D19028843184319
:10C8D000A06506E0A06D20210843A065E06D184327
:10C8E000E065A069002801D1206802600020F8BD41
:10C8F00070B50446216800208968490721D425467F
:10C900004035297D01291CD001212975E1690129C2
:10C9100004D02046F4F7C4F9002811D1A16D0A4AC9
:10C920001140FF2201321143A1650021E165297503
:10C9300022681C21116021688A6804231A438A60D6
:10C9400070BD022070BD0000FEF1FFFFF8B5044687
:10C950000068016849084900016000F0D1F900272A
:10C960002546064620350EE000F0CAF9811B7D20E1
:10C97000C000814207D9E06B20210843E0632F719A
:10C9800003206871F8BD20680068C007ECD12F71E2
:10C99000012068710020F8BD70B5002402462032E5
:10C9A0005179022903D00421C16301243CE00168CC
:10C9B0000B680E25AB430B6001680B685B085B00DE
:10C9C0000B601A4B0168994201D1012121E0174BFC
:10C9D0001433994201D110211BE0144B28339942A2
:10C9E00001D1891515E0114B3C33994201D18914CD
:10C9F0000FE00E4B5033994202D10121090408E0A7
:10CA00000A4B6433994202D10121090501E0012159
:10CA10000906064B083B5960012151710021117133
:10CA2000816B002900D08847204670BD0800024075
:10CA300070B5002805D0034620335979002902D06B
:10CA400003E0012070BD00211971022159710168B4
:10CA50000C68374AC5681440826846692A430569EC
:10CA600035432A4385692A43C5692A43056A2A430F
:10CA700022430A602F4A2F4C01687832A14206D126
:10CA8000916A090909019162916A406849E0294C5B
:10CA90001434A14207D1916AF024A1439162916AB2
:10CAA000406800013DE0234C2834A14208D1916A3E
:10CAB0000F242402A1439162916A4068000230E091
:10CAC0001C4C3C34A14208D1916A0F242403A14399
:10CAD0009162916A4068000323E0164C5034A142F1
:10CAE00008D1916A0F242404A1439162916A80883D
:10CAF000000416E00F4C6434A14208D1916A0F245F
:10CB00002405A1439162916A8088000509E0914261
:10CB100009D1916A0F242406A1439162916A007998
:10CB200000060143916201205871002070BD000091
:10CB30000FC0FFFF0800024001B50448007800283C
:10CB4000FDD0009802F034FF08BD00004410002022
:10CB500010B5044602F0EEFD402C06D00120C002C4
:10CB6000844201D1FCF7F2FB10BDF9F721F910BDA9
:10CB700010B504494A69024202D04861FFF7E8FF54
:10CB800010BD000000040140F0B5002296E0012431
:10CB90009440A44623406ED04C68022C01D0122C45
:10CBA0000CD1D408A40027183D6A5407E40E0F26C0
:10CBB000A640B5430E69A6402E433E624C68012C48
:10CBC00005D0022C03D0112C01D0122C11D1856874
:10CBD00054000326A640B543CE68A6402E43866087
:10CBE00044686546AC430D79ED06ED0F954025434D
:10CBF0004560076854000325A5400E79AF43B6078A
:10CC0000B60FA6403E430660C668AE438D68A54099
:10CC10003543C5604C68E4004FD52B4C666B01254D
:10CC20002E4366639508294CAD002F19BD68940703
:10CC3000240F0F26A640B54305263607B04201D182
:10CC400000261AE0224EB04201D1012615E0214E05
:10CC5000B04201D1022610E01F4EB04201D103269E
:10CC60000BE01E4EB04201D1042606E01C4EB0423D
:10CC700002D1052601E020E00626A6402E43BE6034
:10CC8000184D2C684E689C43F60300D51C432C605D
:10CC90006C684E689C43B60300D51C436C60AC685E
:10CCA0004E689C43F60200D51C43AC60EC684E68AD
:10CCB0009C43B60200D51C43EC60521C0B681C461A
:10CCC000D44000D063E7F0BD0010024000000140F6
:10CCD0000004005000080050000C005000100050EC
:10CCE000001C0050000401400069084000D00120F1
:10CCF0007047002A01D0816170478162704700004F
:10CD000001480068704700003C10002010B5014643
:10CD100060310A7A012A12D001220A7224224A7250
:10CD2000026813680C24A34313600068026804239C
:10CD30001A430260202048720020087210BD0220B1
:10CD400010BD10B5014660310A7A012A12D00122C5
:10CD50000A7224224A72026813680C24A3431360E7
:10CD60000068026808231A430260202048720020ED
:10CD7000087210BD022010BD70B5040005D0254614
:10CD80006035687A002802D006E0012070BD0020DE
:10CD90002872204602F07CFA24206872206801681C
:10CDA000490849000160606A002802D0204609F065
:10CDB000F1FF20460AF0DCF80128E7D0206841683E
:10CDC0000922D20291434160206881682222914366
:10CDD00081602068816808221143816020680168B1
:10CDE00001221143016020460AF03AF870BD70B587
:10CDF000024640325378202B1CD11378012B19D0D6
:10CE0000012414702423537003681D68A5431D601A
:10CE100003681D682603B5431D6003681D680D4344
:10CE20001D600068016821430160202050700020CF
:10CE3000107070BD022070BD70B50246403253784C
:10CE4000202B1BD11378012B18D00125157024231A
:10CE5000537003681C68AC431C6003681C680F2691
:10CE60003602B4430902214319600068016829436E
:10CE70000160202050700020107070BD022070BD35
:10CE800070B5040006D02546403568780026002895
:10CE900002D005E0012070BD2E70204600F0F0F9B0
:10CEA00024206870206801684908490001600F214A
:10CEB000606809068843216808612068826801214A
:10CEC000C9038A438260E0680128A06808D0212253
:10CED0009202104322689060E068022802D005E0C8
:10CEE0000843F7E701202268C002506020684268CA
:10CEF0000F4B1A4342602068C2688A43C26061696E
:10CF000020690843A169090208432168C860216AB1
:10CF1000E069084321680860206801680122114324
:10CF200001606664202068702663AE70002070BDCA
:10CF300000800002FFB50446002083B0254640353E
:10CF400001906A781F46202A7ED122689269D243D6
:10CF5000120479D52A78012A76D001222A70242257
:10CF60006A7060648805800D0290E068012802986C
:10CF70000BD00521C902401801218902884321688C
:10CF80004860FFF7BDFE06460FE03049F3E7781C26
:10CF90000BD0002F04D0FFF7B3FE801BB84204D99A
:10CFA000202068700020287043E020688169C94310
:10CFB000890606D58069C043C00602D56878A028D6
:10CFC000E5D1206880693B46C043C00600960ED577
:10CFD00000222021204603F057F8002829D121689B
:10CFE0002020C86168700020287007B0F0BD0022C2
:10CFF0002021204603F048F800281AD1216810208B
:10D00000C86121682020C8610198411C01910599DF
:10D01000884214D120684168012292031143416083
:10D020003B46002220212046009603F02DF80028E0
:10D0300002D00320D9E707E021682020C8610199C8
:10D040000598814291D3ABE70220CEE70020000291
:10D05000FFB5054604464035687881B020287DD16B
:10D06000287801287AD001202870FFF749FE07466A
:10D07000012200901923D103204603F005F800286F
:10D080003ED1222068701020A870002666640398A4
:10D090006062049860856663618D3148FF2903D919
:10D0A000FF222285009034E0618D2185009036E0DA
:10D0B0002046029902F0D4FF36E003F009F8002878
:10D0C00003D0606C042847D01AE02068416A606A87
:10D0D000421C62620170208D401E80B22085618DED
:10D0E000491E618500281FD1608D00281CD0009743
:10D0F0000022802120460A9B02F0C6FF002802D0B1
:10D10000032005B0F0BD608DFF2805D9FF222285E0
:10D11000009601231B06CBE7608D20850096208DAD
:10D120000123C2B25B06C3E7608D0A9900283A4624
:10D130002046C2D103F010F80028C2D12068202276
:10D14000C26120684168074B194041606A70AE7047
:10D150002E700020D5E701E00120D2E70220D0E7C1
:10D160000024008000E800FEFFB505460446403577
:10D17000687881B020287DD1287801287AD00120D4
:10D180002870FFF7BDFD0746012200901923D10347
:10D19000204602F079FF00283ED12120687010203F
:10D1A000A8700026666403986062049860856663D0
:10D1B000618D3148FF2903D9FF222285009034E098
:10D1C000618D2185009036E02046029902F048FFEB
:10D1D00036E002F0E8FF002803D0606C042847D056
:10D1E0001AE0606A411C6162216800788862608D83
:10D1F000401E6085208D401E0004000C20851FD13C
:10D20000608D00281CD000970022802120460A9BB8
:10D2100002F03AFF002802D0032005B0F0BD608D77
:10D22000FF2805D9FF222285009601231B06CBE7A4
:10D23000608D20850096208D0123C2B25B06C3E776
:10D24000608D0A9900283A462046C2D102F084FF38
:10D250000028C2D120682022C26120684168074BA3
:10D26000194041606A70AE702E700020D5E701E071
:10D270000120D2E70220D0E70020008000E800FE75
:10D2800000B50068114985B088421CD10320000216
:10D2900000901220019001200290032003900420AE
:10D2A000049069460A48FFF76FFC0A48816B012227
:10D2B00052051143816300220421172000F096F8E3
:10D2C000172000F087F805B000BD000000540040B2
:10D2D000000400500010024070B504000FD0216817
:10D2E0001348086021681348086003CC4160206837
:10D2F000083C21688860FFF703FD054608E001202F
:10D3000070BDFFF7FDFC401B302801D9032070BD24
:10D310002068C0680028F4D120680269E1688A4268
:10D3200001D0016101E004490160002070BD0000EE
:10D33000CCCC000055550000AAAA000000680249A4
:10D340000160002070470000AAAA0000024801689E
:10D35000491C0160704700003C10002010B50648D1
:10D360000168022211430160032000F007F800F079
:10D3700019F8002010BD00000020024010B504463E
:10D3800007487D21C9000068F2F7B2FE01F038FCC1
:10D3900000222146501E00F029F8002010BD000098
:10D3A0003810002010B50948816B020411438163D5
:10D3B00000F03EF800F034F80548016808221143F7
:10D3C000016000F025F802F065FA10BD001002407F
:10D3D00000200240002805DBC106C90E012088405C
:10D3E000014908607047000000E100E010B50AF054
:10D3F00071F810BDBFF34F8F04490348C860BFF3F5
:10D400004F8F00BFFDE700000400FA0500ED00E0CB
:10D410000248016802151143016070470070004026
:10D4200002480168421511430160704700700040D6
:10D43000024801681022914301607047007000406B
:10D440000248016882151143016070470070004076
:10D45000F8B5694B014601250020ED03654C664A8D
:10D460004033102973D014DC01297CD0022970D0FC
:10D4700004296FD008292AD1D96803231B03194036
:10D4800069D001235B03994202D1126852077FD40D
:10D49000A4E0012703267F04360420290DD040296B
:10D4A00035D0FF39012912D1D968314053D0B94262
:10D4B00002D1126852076BD497E019691B690124E5
:10D4C00033402404A34203D18C0501D52846F8BD7E
:10D4D000BB4203D1890701D54848F8BDB342FCD10E
:10D4E00011688903F9D51068032109050840012155
:10D4F0000905401A09D0401A05D0884201D1404898
:10D50000F8BD4048F8BD4048F8BD4048F8BDD9686E
:10D5100001239B06194006D09942F7D191688907EB
:10D52000F4D53B48F8BD11688901FBD5D068D168B6
:10D530008002384B000F1B5C0802810FD068491C29
:10D54000C0030BD41068C00606D52E4807E048E09B
:10D5500009E022E02FE02BE0204600E02E4858436F
:10D56000F2F7C6FDF8BDD9688907890F0AD00229EC
:10D570000BD001290ED00329F4D119698905A5D44E
:10D58000F8BD05E000F0DCF9FAE711684907F7D5C6
:10D590002046F5E700F0E4F9F2E7D9680C263140BF
:10D5A00006D00829F1D00429F4D00C29E5D0E7E70A
:10D5B00000F0B6F9E4E7D9680326B6023140F7D0A7
:10D5C0000127FF02B94202D112685207E0D40122BA
:10D5D00092029142DED0B142CFD0D1E701221203B4
:10D5E00005E0916B4902E3D4CAE70122120491429B
:10D5F000D0D0C5E70024F40000100240889000005D
:10D6000020A1070000093D0040420F0080841E0059
:10D61000006CDC02A08E010800127A00F8B5044606
:10D620000078624D80067AD5604800264038806BCD
:10D63000C00006D45D484038826B01040A4382630F
:10D6400001265B480168C90510D4016882151143A1
:10D650000160FFF755FB074604E0FFF751FBC01BD5
:10D6600064283AD852480068C005F6D54F4840387B
:10D6700000680321090562680840114081420AD010
:10D680009003800F032806D1484840380068800383
:10D6900001D50120F8BD286903210904084021D0E3
:10D6A0000A4082421ED0207880061BD528692A694C
:10D6B00088430121C9040A432A612A698A432A61ED
:10D6C0002861C0050ED5FFF71BFB074607E0FFF7F3
:10D6D00017FBC11B3748814201D90320F8BD2869D7
:10D6E0008005F4D560688103890F032908D12F4B89
:10D6F000403B196803221205914310400143196011
:10D700002869032261681204114008432861002E31
:10D7100005D026484038826B01048A438263207812
:10D72000C00705D0E868A168800880000843E86069
:10D730002078800705D5E8680C218843E168084314
:10D74000E8602078400706D5E8680321890288430D
:10D7500021690843E8602078000706D5E8680321BE
:10D760000903884361690843E8602088C00506D53D
:10D77000E868032109048843A1690843E860207828
:10D78000400606D5E868012189068843216A0843D6
:10D79000E8602078000606D5E868032189048843FC
:10D7A000E1690843E8600020F8BD00004010024035
:10D7B0000070004088130000F8B5044653480E4638
:10D7C0000068C007C00FB0420AD25048016849083B
:10D7D0004900314301600068C007C00FB0426FD1FB
:10D7E00020784B4F800705D5F868F0218843A16861
:10D7F0000843F8602078C00752D06068022817D02C
:10D80000032818D03968012818D08905002957DA6B
:10D81000F968890889000143F960FFF771FA054644
:10D820006068022812D003281CD0012826D033E0DB
:10D8300039688903EAE739688901E7E74907E5E7D5
:10D84000FFF75EFA411B3348814223D8F86800078E
:10D85000800F0228F4D123E0FFF752FA411B2D4834
:10D86000814217D8F8680007800F0328F4D117E029
:10D87000FFF746FA411B274881420BD8F86800079A
:10D88000800F0128F4D10BE0FFF73AFA411B214841
:10D89000814201D90320F8BDF8680007800FF3D159
:10D8A0001A480168C907C90FB1420BD90168490874
:10D8B0004900314301600068C007C00FB04201D089
:10D8C0000120F8BD2078400706D5F8680721090235
:10D8D0008843E1680843F8602078000707D5F868B6
:10D8E0000721C90288432169C9000843F86000F094
:10D8F00037F8F968084A0906090F515CC84007491A
:10D9000008600320FFF73AFD0020F8BD0020024028
:10D910000010024088130000908E0108381000208B
:10D92000044805490068C968044A4905490F515C23
:10D93000C84070473810002000100240A98E01082E
:10D94000044805490068C968044A8904490F515CC4
:10D95000C84070473810002000100240A98E01080E
:10D9600010B5194AD1680C230846184004280BD07A
:10D97000082810D00C2810D050680004410F012056
:10D98000C003491C884010BD1068C00601D50F486F
:10D9900010BD0F4810BD0F4810BD88020E4B000F80
:10D9A000185C0902D368890F491CDB0301D5094AB9
:10D9B00005E01268D20601D5044A00E0044A50434B
:10D9C000F2F796FB10BD00000010024000093D0078
:10D9D0000024F40000127A00A08E0108F8B5044675
:10D9E0000078FE4EC0074BD0F0680007800F022879
:10D9F00007D0F0680007800F032809D1F068C00342
:10DA000006D5306880033BD56068002874D037E0C5
:10DA1000012160680904884202D13068084310E09F
:10DA2000052301221B0492049842306802D110435E
:10DA30003060F2E78843306030680840009030681A
:10DA400090433060606800280DD0FFF759F9054613
:10DA5000E34F04E0FFF754F9401BB8427ED830682A
:10DA60008003F7D50CE0FFF74BF90546DC4F04E0E7
:10DA7000FFF746F9401BB842F0D830688003F7D46E
:10DA80002078800741D5F0681F270007800F3F02EC
:10DA9000012807D0F0680007800F032809D1F0683B
:10DAA000C00306D43068400717D5E068012823D1A9
:10DAB00013E0E068002817D0316809229143014340
:10DAC0003160FFF71DF9054604E0FFF719F9401B27
:10DAD0000228C3D830684007F7D570682169B84379
:10DAE00009020843706010E0306840084000306070
:10DAF000FFF706F9054605E095E0FFF701F9401B41
:10DB00000228ABD830684007F7D42078C00672D519
:10DB1000F068B44F0007800F0AD0E0690028306831
:10DB2000B1495AD008433060FFF7EAF8054644E0AF
:10DB30003068800502D5E069002874D0606A716899
:10DB40003940884212D905F033FD0028AFD1706802
:10DB5000616AB84308437060706800E0DEE000026C
:10DB6000218C000A0906084370600FE07168B94310
:10DB7000014371607068218C0002000A09060843A5
:10DB80007060606A05F014FD002890D1606A410B56
:10DB90000120C003491C8840F16809060A0F934917
:10DBA000895CC840924908600320FFF7E7FB22E048
:10DBB000FFF7A6F8401B02288BD830688005F7D500
:10DBC0007068616AB843084370607068218C000215
:10DBD000000A0906084370600DE088433060FFF7D3
:10DBE0008FF8054604E0FFF78BF8401B022888D821
:10DBF00030688005F7D420787E4D000723D5606912
:10DC00000028286910D0012108432861FFF778F81F
:10DC1000074604E0FFF774F8C01B02287ED8286985
:10DC20008007F7D50FE000E1400840002861FFF7CA
:10DC300067F8074604E0FFF763F8C01B02286DD8B9
:10DC400028698007F7D42078400760D5002000902D
:10DC5000B06BC00006D4B06B012109070843B06364
:10DC60000120009064480168C90510D4016882153C
:10DC700011430160FFF744F8074604E0FFF740F85E
:10DC8000C01B64284AD85C480068C005F6D55648D1
:10DC9000A168814203D129690143296111E0012270
:10DCA0009202002907D005231B02994203D129695A
:10DCB00011432961EFE7296981432961286990436C
:10DCC0002861A06800280DD0FFF71AF8074605E084
:10DCD000FFF716F8C11B424881421FD8286980050A
:10DCE000F6D50CE0FFF70CF8074605E0FFF708F85B
:10DCF000C11B3B48814211D828698005F6D40098A1
:10DD0000002804D0B16B012000078143B163207863
:10DD100080062FD53948A269411400E07EE0002A30
:10DD2000B26815D001231A43B260726B1A43726352
:10DD3000026A0A430262FEF7E3FF054604E0FEF7CB
:10DD4000DFFF401B022869D8B0688007F7D511E0D3
:10DD500052085200B260026A8A430262FEF7D0FFA4
:10DD6000054604E0FEF7CCFF401B022856D8B068F9
:10DD70008007F7D4A06A002855D0F1680907890FF9
:10DD8000032952D001273F060228306805D0B84346
:10DD90003060FEF7B5FF044642E0B8433060FEF75E
:10DDA000AFFF054604E0FEF7ABFF401B022835D865
:10DDB00030688001F7D4216BE06AF2680843616B38
:10DDC000FD231B049A4311430843F0603068384335
:10DDD0003060FEF795FF044617E000000010024097
:10DDE0008813000000E0000000010000908E010890
:10DDF0003810002040100240007000400000014038
:10DE0000FEF77EFF001B022808D830688001F7D596
:10DE100009E0FEF775FF001B022801D90320F8BDB9
:10DE200030688001F5D40020F8BD0120F8BDF3B5BD
:10DE300004460079002681B0012809D00127277106
:10DE40006079012806D00126002020713046FEBDF1
:10DE50000220FEBD02206071FEF752FF05460CE075
:10DE6000FEF74EFF411B7D20C000814205D90420F2
:10DE70006071002020710320FEBD20684068C0430F
:10DE8000C007EDD120688068A060029908606771C2
:10DE9000DAE770B5040009D02079012808D00125FF
:10DEA000257160790026002804D007E0012070BDAC
:10DEB000022070BD2671204600F00CF8022060712F
:10DEC00020680168042211430160657126710020F9
:10DED00070BD000008B500680649884208D10648B0
:10DEE000026B012109050A430263006B08400090A0
:10DEF00008BD000000500240001002400068890088
:10DF000050300818006870470068890050300818C1
:10DF10000260704730B5014620310A78012A15D0D9
:10DF200001240C7002224A700368CA225A620368F4
:10DF300053225A620268936820252B43936000683D
:10DF4000FF2242624C700020087030BD022030BDBC
:10DF500010B508F045FE10BDF8B50546044620355D
:10DF6000287801281BD001202870022068702268C0
:10DF7000CA205062226853205062FF2201320027DB
:10DF800020689142816818D191438160206881683E
:10DF9000120191438160FEF7B3FE064608E00220BD
:10DFA000F8BDFEF7ADFE811B7D20C000814218D870
:10DFB0002068C068C007F4D01EE0012252029143DD
:10DFC000816020688168120191438160FEF798FEAC
:10DFD00006460DE0FEF794FE811B7D20C0008142C5
:10DFE00006D92168FF204862032068702F70F8BDB1
:10DFF0002068C0688007EDD52168FF2048620120B5
:10E0000068702F700020F8BD10B500680B4640689E
:10E01000C021C94301400002000ECC04D870E40EB8
:10E020005C708C06A40E0904490F9C701970002ABC
:10E030000AD105F0F5FAD870587805F0F1FA587061
:10E04000987805F0EDFA9870002010BD30B50B46B9
:10E050000168896A5960016809694904490C996035
:10E06000006804680F482146014088024D04800E74
:10E0700018706D0E49065D70490E99706102490E67
:10E0800040242140D970002A0AD105F0C9FA18703D
:10E09000587805F0C5FA5870987805F0C1FA98706C
:10E0A000002030BD7F7F7F0070B5040005D025467D
:10E0B00020356878002802D006E0012070BD0020DD
:10E0C0002870204600F042F8022068702168CA20BB
:10E0D0004862216853204862204605F0B4FAFF21C7
:10E0E0000028206803D0416204206870E5E7826858
:10E0F000154B1A408260206882686368A6691A43DB
:10E10000236933431A4382602268E0681061206803
:10E11000026923891B041A4302612068C2688023B4
:10E120009A43C2602068C26C92089200C264E2699D
:10E13000606902432068C36C1A43C264206841626C
:10E1400001206870002070BDBFFF8FFF00B597B041
:10E150000420009000200A90FF20013002906846C1
:10E16000FFF73CFC002801D0FEF7B4F820200E9009
:10E17000C0020F900EA8FFF751FA002801D0FEF759
:10E18000A9F80948016901229204114301610022A2
:10E1900011460220FFF72AF90220FFF71BF9034975
:10E1A0000120087017B000BD40100240441000204C
:10E1B000FEB505460446203528780B46012842D096
:10E1C000012028700220687020681E460027203633
:10E1D0008068002A39D0400655D5187805F020FA15
:10E1E000307805F01DFA19789878090408435978B1
:10E1F000DA7809021204114308433178090608430A
:10E20000D96908435969084306469969586808431B
:10E2100001902168CA204862216853204862FF2289
:10E22000586A0132802390422068816848D1914326
:10E2300081602068C1681940FF398239C160FEF7EA
:10E240005FFD009029E00220FEBD400600D4DF7093
:10E25000187805F0EDF90204587805F0E9F90002A4
:10E260000243987805F0E4F90243D87800040243A9
:10E27000307805F0DDF900060243D8690243586999
:10E2800002431646C1E7DF70AAE7FEF739FD0099A1
:10E29000411A7D20C000814228D82068C068C0078C
:10E2A000F3D02068C66121680198486420688168BD
:10E2B000FF220132114381602068816812012EE043
:10E2C00001225202914381602068C1681D4A1940B1
:10E2D0008918C160FEF714FD00900EE0FEF710FDF6
:10E2E0000099411A7D20C000814206D92168FF2093
:10E2F0004862032068702F70FEBD2068C0688007E8
:10E30000ECD52068066221680198886420688168DD
:10E310000122520211438160206881681201114379
:10E32000816009480168012252041143016081683B
:10E33000114381602168FF204862012068702F70BE
:10E340000020FEBD7FFDFFFF00040140F8B505463B
:10E350000446203528780B46012822D00120287059
:10E36000022068705878002A1DD005F059F9987875
:10E3700005F056F9D8789E78000406435878197845
:10E3800000024903084306432168CA204862216805
:10E3900053204862204605F056F9002700282AD16C
:10E3A00017E00220F8BDC10603D5EF2108400A306E
:10E3B0005870D87805F03CF90604587805F038F91B
:10E3C00000020643987805F033F9064318784003B5
:10E3D000D9E711480640206846602068C16880225D
:10E3E0009143C1602068806880060CD4204600F00C
:10E3F0008DF8002807D02168FF204862042068704B
:10E400002F700120F8BD2168FF204862012068704C
:10E410002F700020F8BD00003FFFFF00F8B5064652
:10E420000446203630780D4601280ED00120307089
:10E4300002207070206800278068002A07D04006FC
:10E440001AD5287805F0ECF817E00220F8BD400650
:10E4500000D4EF70287805F0EBF80204687805F036
:10E46000E7F800020243A87805F0E2F80243E878F2
:10E470000004024300920BE0EF702978A8780904A9
:10E4800008436978EA7809021204114308430090AE
:10E490002168CA204862216853204862204605F05E
:10E4A000D2F800281FD11849009808402168086058
:10E4B000206881680122920491438160E96828699B
:10E4C000014320688268114381602068C16880220E
:10E4D0009143C1602068806880060CD4204600F01B
:10E4E00015F8002807D02168FF20486204207070CA
:10E4F00037700120F8BD2168FF204862012070704C
:10E5000037700020F8BD00007F7F7F0070B50546A2
:10E510000068C168A0229143C160FEF7F1FB7D262F
:10E520000446F60006E0FEF7EBFB001BB04201D903
:10E53000032070BD2868C0688006F4D5002070BD37
:10E5400070B5040006D025464035687C00260028BA
:10E5500002D005E0012070BD2E74204600F032F894
:10E560000220687420680168402291430160A1681C
:10E57000606822690843E168114308436169012228
:10E580000843A169520211400843E1690843216A26
:10E590000843A16A084321680860A0690421000CAF
:10E5A0000840616A0843216848602168E06A0861A0
:10E5B0002068C16992009143C16166650120687459
:10E5C000002070BD10B586B0044614216846F1F7EE
:10E5D00002FE14492068884221D11348816B012230
:10E5E000920311438163C26A02210A43C262C06A74
:10E5F000019108400590072040030090002103206E
:10E6000002910491039069460848FEF7BDFA002282
:10E6100005211A20FEF7EAFE1A20FEF7DBFE06B0FF
:10E6200010BD0000003800400010024000040050FF
:10E63000FFB581B00446002768460780254640356F
:10E64000687C01287ED100293CD0002A3AD0287C61
:10E65000012877D001202874222068746765A1639F
:10E66000A287E287A764E7642763A786E78601207D
:10E67000A368C003834205D1206803680126B6035E
:10E68000B34303600126A06A7603B04207D1236832
:10E690001868B043186020680368334303606368F8
:10E6A000D81FFD3802D1A06800280ED0206801686C
:10E6B000490603D40168402211430160E068002844
:10E6C0001DD032E0012005B0F0BD2F740498134630
:10E6D00000900A46204600F03DF9F4E700220121AF
:10E6E0002046049B06F07AF8002834D12068C168DF
:10E6F000A06B421CA2630170E08F401EE087E08F98
:10E700000128EBD814E0002201212046049B06F0EA
:10E7100065F800281FD12068C068A16B0880A06B35
:10E72000801CA063E08F401EE087E08F0128EAD8BC
:10E73000A06AB04205D1206801680122120311438A
:10E74000016000E05CE0002201212046049B06F00D
:10E7500045F8002801D00320B5E7E06800282068CC
:10E7600018D0C068A16B0880A06B801CA063E08FEC
:10E77000401EE087A06AB04217D100220121204646
:10E78000049B06F02BF800280AD0606D0221084394
:10E790006065E0E7C168A06B421CA2630170E6E718
:10E7A0002068C0686946088008886168C81FFD380D
:10E7B0000CD10121A068C903884202D049118842C6
:10E7C00004D12068016840229143016001206874EF
:10E7D000A06AB04211D120688168C943C9060CD42F
:10E7E000616D0222114361650168B14301602068D7
:10E7F0000168314301602F7464E72F74002062E7E1
:10E80000022060E7FFB5054604464035687C81B0CC
:10E81000012872D100293CD0002A3AD0287C012856
:10E820006BD001202874122068740027676521636B
:10E83000A286E286E764A764A763A787E787012625
:10E84000A06A7603B04207D120680168B143016035
:10E8500020680168314301600121A068C903884232
:10E8600005D12068016801229203114301602068EC
:10E870000168490603D40168402211430160E06841
:10E880000028606808D0002820D0E08E01281DD024
:10E8900026E0012005B0F0BD002802D0E08E01285E
:10E8A00008D1206B411C216321680078C860E08E8C
:10E8B000401EE086E08E002820D000220221204663
:10E8C000049B05F08BFF002815D1EAE7206B216837
:10E8D0000088C860206B801C2063E08E401EE086AC
:10E8E000E08E00280AD0002202212046049B05F079
:10E8F00075FF0028EAD00320CCE729E0A06AB042E7
:10E9000005D1206801680122120311430160002231
:10E9100002212046049B05F061FF2026002807D134
:10E92000012280212046049B05F058FF002803D0D7
:10E93000606D30436065DEE7A068002803D1206881
:10E94000C16880680090012068742F740020A1E7DE
:10E9500002209FE7F8B5044600206D462880254632
:10E9600040356E7C012E02D06E7C222E7ED1002995
:10E970000CD0002A0AD0002B08D02E7C012E75D096
:10E9800001262E746E7C012E02D003E00120F8BD1A
:10E9900032266E7400206065A263A387E38721633B
:10E9A000A386E386A064E0640126A06A7603B042F1
:10E9B00007D120680168B1430160206801683143D4
:10E9C000016020680168490603D4016840221143B0
:10E9D00001600122D202FF21E06805315700904218
:10E9E000606862D1002804D088420CD1E08E0128F2
:10E9F00009D1206B21680088C860206B801C2063CF
:10EA0000E08E401EE086E08E00283FD1A06AB04232
:10EA100042D120680168394301603DE02068C06848
:10EA2000A16B0880A06B801CA063A9E000220221DA
:10EA30002046069B05F0D2FE00287DD1206B216880
:10EA40000088C860206B801C2063E08E401EE0863A
:10EA5000E08E002806D1A06AB04203D12068016888
:10EA60003943016000220121204600E0C6E0069BF8
:10EA700005F0B4FE00287BD12068C068A16B088037
:10EA8000A06B801CA063E08F401EE087E08E002812
:10EA9000CCD16068002876D1002201212046069B57
:10EAA00005F09CFE002863D1B8E7002804D0884216
:10EAB0000BD1E08E012808D1206B411C2163216815
:10EAC0000078C860E08E401EE086E08E002841D1CC
:10EAD000A06AB04203D12068016839430160002276
:10EAE00001212046069B05F079FE002840D12068D0
:10EAF000C068A16B087043E0002202212046069BFB
:10EB000005F06CFE002833D1206B411C2163216885
:10EB10000078C860E08E401EE086E08E002806D1B6
:10EB2000A06AB04203D12068016839430160002225
:10EB300001212046069B00E01AE005F04FFE002868
:10EB400016D12068C168A06B421CA2630170E08FDF
:10EB5000401EE087E08E0028CED16068002812D1E8
:10EB6000002201212046069B05F038FE002801D036
:10EB70000320F8BD2068C168A06B421CA26301702D
:10EB8000E08F401EE087A06A0227B0420FD100222A
:10EB900001212046069B05F021FE002802D0606D71
:10EBA00038430FE02068C068694608800888012261
:10EBB00080212046069B05F011FE002804D0606DE0
:10EBC000202108436065D3E701206874A06AB04241
:10EBD00011D120688168C943C9060CD4616D3943DD
:10EBE00061650168B14301602068016831430160DB
:10EBF00000202874CAE600202874F8BD0220F8BD61
:10EC0000094910B5401E884201D9012010BD074CAA
:10EC100060610321081F08F05DFC0020A06107204F
:10EC20002061002010BD0000FFFFFF0000E000E0B9
:10EC3000F0B502462032137E012B15D00126167640
:10EC40000223537603685C689F687025AC430D68A7
:10EC5000496825438024A74339435D60006881608B
:10EC6000567600201076F0BD0220F0BD70B504008D
:10EC700005D025462035687E002802D006E0012018
:10EC800070BD00202876204600F00AF80220687641
:10EC9000211D206807F0A0FE01206876002070BDCD
:10ECA00010B50068084988420CD10848816B0222DF
:10ECB00011438163002202211020FEF797FB1020F0
:10ECC000FEF788FB10BD0000000400400010024069
:10ECD0000168CA6801231A43CA60006801681943C1
:10ECE000016000207047F8B5054604462035287EAF
:10ECF000012817D001272F760220687620688268C5
:10ED00007726FF23B2431B029A438260086850288B
:10ED100036D00EDC202856D006DC00284DD0102836
:10ED20003FD14DE00220F8BD30284FD0402838D1E7
:10ED30003BE060282CD0702816D001221203801AE4
:10ED40000DD090422DD1CB684A688968206807F0C1
:10ED500080FE206881680122920311430EE0206842
:10ED60008168C908C90009E0CB684A6889682068D9
:10ED700007F06FFE20688168B1433143816010E085
:10ED8000CA684968206807F0DEFE5021206806E066
:10ED9000CA684968206807F0E7FE6021206807F02C
:10EDA00063FE6F7600202876F8BDCA68496820683F
:10EDB00007F0C9FE40212068F1E700212068EEE756
:10EDC00010212068EBE720212068E8E73021206847
:10EDD000E5E7704770B50446006801690025C9433E
:10EDE0008907002915DBC168C943890711D4E91EC9
:10EDF000016101202076206880698007204602D0CA
:10EE0000FFF7E7FF04E000F078F8204600F0F9F89B
:10EE1000257620680169C943490717D4C168C943E9
:10EE2000490713D40421C9430161022020762068D8
:10EE300080698005800F204602D0FFF7CAFF04E0FA
:10EE400000F05BF8204600F0DCF8257620680169C8
:10EE5000C943090716D4C168C943090712D4082158
:10EE6000C9430161042020762068C06980072046DC
:10EE700002D0FFF7AEFF04E000F03FF8204600F0BC
:10EE8000C0F8257620680169C943C90617D4C1684E
:10EE9000C943C90613D41021C94301610820207653
:10EEA0002068C0698005800F204602D0FFF791FFDF
:10EEB00004E000F022F8204600F0A3F82576206850
:10EEC0000169C943C90708D1C168C943C90704D149
:10EED000891E0161204600F0B9F820680169C94324
:10EEE000490609D4C168C943490605D44021C9432C
:10EEF0000161204600F0B4F870BD7047F8B50546D2
:10EF000004462035287E0E4601280DD001202876A3
:10EF1000022068760427002A08D0042A16D0082A7E
:10EF20002AD00C2A4DD137E00220F8BD206807F026
:10EF3000A3FD2068816908221143816120688169ED
:10EF4000B943816120688169F26812E0206807F0A6
:10EF5000ABFD206882690121C9020A4382612068F1
:10EF60008169012292029143816120688169F2687E
:10EF700012021143816124E0206807F0AEFD206891
:10EF8000C26908210A43C2612068C169B943C161ED
:10EF90002068C169F26812E0206807F0B9FD2068B6
:10EFA000C1690122D2021143C1612068C2690121F5
:10EFB00089028A43C2612068C169F2681202114362
:10EFC000C1610120687600202876F8BD70B5040084
:10EFD00005D025462035687E002802D006E00120B5
:10EFE00070BD00202876204600F00AF802206876DE
:10EFF000211D206807F0F0FC01206876002070BD1C
:10F000007047704710B504460068012207F016FDEE
:10F0100020680168012211430160002010BD00003A
:10F0200010B504460068002207F008FD2068016A58
:10F03000054A114203D101684908490001600120D5
:10F0400020346076002010BD11110000034910B576
:10F05000884201D1F4F7ECF810BD00003C3B0020E1
:10F060007047704770B5044600680168FF22E132BE
:10F0700091430160206881684908490081602068E7
:10F0800081680025090600290ADA816880229143F7
:10F090008160206E002803D08563206EFDF756FC4A
:10F0A0002068816849060AD58168402291438160C1
:10F0B000606E002803D08563606EFDF747FC204634
:10F0C00040304582458321680F2008622021204678
:10F0D000603041728172E566002070BD70470000AB
:10F0E000F8B502680446D069116805072D0F07D1ED
:10F0F000830605D58B0603D5204607F0FAFEF8BD3A
:10F1000093682026002D65D0DD07ED0FFF272137FE
:10F110000F402F435ED0C70706D0CF0504D5012787
:10F120001762E26E3A43E266820708D5DA0706D034
:10F13000276802223A62E26E04273A43E2664207F7
:10F1400008D5DA0706D0236804221A62E26E022389
:10F150001A43E266020709D50A4632402A4305D01F
:10F16000236808221A62E36E1343E366E26E002A04
:10F17000C5D0800604D5880602D5204607F0B9FE22
:10F18000E06E000703D42068806840061CD5204646
:10F1900007F0A0FE20688168490611D582684021E9
:10F1A0008A438260606E00280AD01D498163606EC8
:10F1B000FDF7F2FB0028A2D0606E816B8847F8BD96
:10F1C0002046FFF78BFFF8BD2046FFF787FF0020A2
:10F1D000E066F8BD2546C7026035002F0ADA5B02FB
:10F1E00008D50120000510626E72AE722046FFF74E
:10F1F00038FFF8BD030605D50B0603D5204607F0FA
:10F20000CFFFF8BD4006FCD54806FAD51368204666
:10F2100040218B4313606E7200F0C4F9F8BD00000A
:10F22000C16E010870B5040005D025466035687AC6
:10F23000002802D006E0012070BD00202872204680
:10F2400000F026F824206872206801684908490007
:10F250000160606A002802D0204607F09BFD20462E
:10F2600007F086FE0128E7D0206841680922D20213
:10F2700091434160206881682A229143816020681F
:10F280000168012211430160204607F0E9FD70BDCD
:10F29000F0B5044600684C494C4F01220323002678
:10F2A000042585B0884243D1786B91030843786385
:10F2B000580200900220032701AB049585C3052066
:10F2C00069460007FDF760FC424D4148AE60EE60C4
:10F2D00081C5EE602E6180276E61AF60AE613D48F2
:10F2E000083DFDF7A5FB002801D0FCF7F3FF65669C
:10F2F000AC62384D364840351438286003206860C9
:10F30000294610200831C1C16E61AE61EE61284608
:10F310002E62FDF78DFB002801D0FCF7DBFF256690
:10F32000002201211B20AC62FEF760F81B2047E0A1
:10F330002949884246D1B86B012149040843B86382
:10F340000427122001AD00978DC5052069460007EE
:10F35000FDF71AFC1F4D1E488035AE602830EE6068
:10F3600081C5EE602E6180276E612846AF60AE6178
:10F370000838083DFDF75CFB002801D0FCF7AAFF28
:10F380006566AC62134D1248C03514302860042005
:10F390006860294610200831C1C16E61AE61EE611E
:10F3A00028462E62FDF744FB002801D0FCF792FFAF
:10F3B0002566002201211C20AC62FEF717F81C20F4
:10F3C000FEF708F805B0F0BD00380140001002401B
:10F3D00030000240F03900200044004070B5034680
:10F3E00060339C7A202C44D100290BD0002A09D00C
:10F3F000012584682D03AC4206D10669002E03D195
:10F40000CE0701D0012070BD1E7A012E31D0012619
:10F410001E724165014640310A834A83FF22AC4295
:10F4200004D10469002C12D1134A10E07F25002C6E
:10F4300008D00122120794420AD10269002A04D09E
:10F440003F2204E00469002C01D08D8300E08A8310
:10F450000021C16622229A72197201688A683243B9
:10F460008A6000680168FF22213211430160002098
:10F4700070BD022070BD0000FF01000000B5FCF768
:10F48000DDFA00BDFFB5074605466037787A83B0E0
:10F490000C46202858D1002C0CD00598002809D003
:10F4A0000120A9680003814207D12869002804D1FE
:10F4B000E00702D0012007B0F0BD387A012843D020
:10F4C000012038720020E86621207872FDF718FCD0
:10F4D00001902E464036059830820598708218E0DB
:10F4E000708A401E70820698009000228021284673
:10F4F000019B07F088FE002818D10120A9680003AD
:10F50000814202D12869002812D0296820788862B7
:10F51000641C708A0028E3D10698009000224021E4
:10F520002846019B07F06FFE002808D00320C2E7A1
:10F5300020882968C005C00D8862A41CE9E7202046
:10F54000787200203872B6E70220B4E730B503467F
:10F5500060335C7A202C23D100290BD0002A09D0FB
:10F56000012584682D03AC4206D10469002C03D127
:10F57000CC0701D0012030BD1C7A012C10D0C16411
:10F58000014640310A824A820021C16621225A7214
:10F59000197200680168802211430160002030BDAB
:10F5A000022030BD10B5FCF799FA10BD10B5124815
:10F5B000017800291ED10122027011480F49016013
:10F5C00000210164C161D30781614360826381606E
:10F5D000C160016207234162C3630261C162042208
:10F5E000426101630748416B42151143416304487E
:10F5F000FDF73CF810BD000045100020002401403C
:10F60000E4130020001002407CB51E49044609782E
:10F610000020002934D01C494A68D2431007FBD48B
:10F620001A4D686B6E153043686300211848FCF76B
:10F6300079FF184800901848019069461448FCF773
:10F64000C7FFA8140190694600941148FCF7C0FF59
:10F650000F48FDF74DF90021C9430D48FDF7E9F8C2
:10F660000B48FCF7FFFF0A4B80B219688A68022436
:10F6700022438A601A6803211160696BB143696390
:10F680007CBD0000451000200070004000100240CA
:10F69000E4130020FFFF07000110000001460020D6
:10F6A0000A0A00D00820084A114201D0042210435F
:10F6B000064A114201D002221043054A114201D0EC
:10F6C0000121084370470000F0F00000CCCC00009E
:10F6D000AAAA000038B50B231B07C418144B10D07E
:10F6E0001D15641B14D0641B1BD0AC4206D1DC6A10
:10F6F00008252C43DC62DB6A2B400CE0DD6A8024A9
:10F7000011E0DC6A01252C43DC62DB6A2B4002E05D
:10F71000DD6A022407E0009311601146FDF734FA18
:10F7200038BDDD6A04242543DD62DB6A2340F2E74D
:10F730000010024010B5FFF7B1FF810003484158A7
:10F74000002901D00020884710BD0000E4120020ED
:10F7500070B51C4615460E460846FFF79FFF0A493E
:10F76000002C0DD080000C50304602F01EFC0446E8
:10F7700000222946FDF73AFE2046FDF72BFE70BD1C
:10F78000002280000A5070BDE412002010B5D2B2F1
:10F79000FDF7AFFA10BD000010B500240E48FFF7CA
:10F7A00033FF010016D00D480D4A008B5043F0F78F
:10F7B0009FFC0B49884201D9FE240BE0E121C900DE
:10F7C000884207D3401AFE2148434B210901F0F734
:10F7D0008FFCC4B2204610BD000002446000F81F38
:10F7E000B80B000003494A690869496A504048401B
:10F7F000704700004000F81F70B51148FFF704FF84
:10F80000104D01001AD0288B0F4A5043F0F770FCBE
:10F8100004460E48FFF7F8FE60430B49F0F768FC1A
:10F82000698B0522401A12035043EA8B511AF0F7F4
:10F8300075FC0F214902401880B270BD0024E8E732
:10F84000000002446000F81FB80B000000000448EC
:10F850000F494B6A0A69D218120EC2714B6A0A69C3
:10F86000D218120C82710A8A8B8CD218120A427139
:10F870000A7C8B8CD21802714A69120EC2704A69D6
:10F88000120C82708A8A120A4270097D01707047D8
:10F890004000F81FF0B587B014216846F0F79BFCD4
:10F8A000224CE06A01210843E062E06A08400590CA
:10F8B000E06A02252843E062E06A28400590E06A99
:10F8C00004263043E062E06A30400590E06A802719
:10F8D0003843E062E06A69463840059003200190B1
:10F8E000002002901248009005200007FDF74CF917
:10F8F0001048009069461048FDF746F969460F48E0
:10F90000FDF742F969460E48FDF73EF9E06A400806
:10F910004000E062E06AA843E062E06AB043E0626F
:10F92000E06AB843E06207B0F0BD0000001002409A
:10F93000FF9F0000FFFF000000040050000800507F
:10F94000001C005010B5084C607800280AD1FFF761
:10F950002DFE06480068804700F042FA00F0C6F825
:10F960000120607010BD0000451000201C8E0108B1
:10F9700070B50D46044600210448FEF7BFFA20602A
:10F9800001210248FEF7BAFA286070BD2413002056
:10F9900010B50C46024600210448FEF7B5FA22468F
:10F9A00001210248FEF7B0FA10BD00002413002028
:10F9B00070B500F0FDF9044600F090F8054602E04D
:10F9C0000448FDF7BBFC00F089F8401BA042F7D3C8
:10F9D00070BD0000783B002010B586B00446694633
:10F9E00005A800F013F8830A8005800D00F0D6F911
:10F9F00020801846F0F799FE03490969F0F766FC84
:10FA0000F0F7D5FE06B010BDE82C002070B5064614
:10FA10000C4600222048FEF719FB002231461E4802
:10FA20006568FEF7F1FA002221461B48FEF70EFB3F
:10FA30006068A842F1D1F07818494143C91C8B088D
:10FA4000800727D0164A71783D2048434900891E17
:10FA5000CA4091073C38C20F1018890F4010401A55
:10FA6000C018B178401E08180E493C2248436178FE
:10FA7000E123514322781B015A438918A2781018B8
:10FA80000818810D83026068074C0022201A18189C
:10FA9000514170BD054AD6E724130020B50500008A
:10FAA000A0AA990080510100FF03000050554400B6
:10FAB0000320704701480068704700007013002061
:10FAC00000B587B0694605A8FFF7A0FF024909689D
:10FAD00007B0401A00BD00007013002000B587B0C9
:10FAE000694605A8FFF792FF07B000BD10B5084CA6
:10FAF000207800280AD100F073F8FF210131054871
:10FB0000FEF72AFA00F09CF80120207010BD0000DA
:10FB1000401000202413002010B50D4C00210420BB
:10FB200000F09EFB01200B49400448612168886871
:10FB3000C0040BD5C868C00508D5C868802210402D
:10FB4000FF388238C8602046FEF702FA10BD000078
:10FB5000241300200004014000B587B0002269464C
:10FB60000F48FEF773FA002205A90D48FEF74CFA7C
:10FB700000206A46107050709070012101905175FC
:10FB800091751175D075024669460548FEF746FC29
:10FB9000002205A90248FEF7D9FB07B000BD00000E
:10FBA0002413002070B50446FFF78AFF211A0B4D7D
:10FBB0000220285EC01C814201D9002100E0012101
:10FBC000042000F04DFB00F023FB012802D10220AD
:10FBD000285E241A204600F03FF870BD4010002037
:10FBE00010B51449144886B0002412C01F210160CA
:10FBF000846004611149446141600838FEF754FA99
:10FC00006946CC750120487588750875002205A9DC
:10FC10000948FEF79BFB0094019404940022694676
:10FC200005480394FEF7FAFB0348FEF773F906B0A4
:10FC300010BD00000028004024130020FF03000036
:10FC400010B5044C2046211D1830FFF7DFFE206060
:10FC500010BD000070130020F0B587B004461422D8
:10FC60003F4901A8F0F79EFA3D485038406E009099
:10FC700000F07EF83B4802993B4B401AA105890DE4
:10FC8000081886B2A20A68468078594202E0D21863
:10FC9000401C80B28A42FAD269460C79E1210901FE
:10FCA00002E0521A641CA4B28A42FAD269464D7923
:10FCB00002E06D1CADB23C3A3C2AFAD2897989182F
:10FCC0008FB20121890203E0721A7F1C96B2BFB283
:10FCD0008E42F9D203E03C3F6D1CBFB2ADB23C2F67
:10FCE000F9D203E03C3D641CADB2A4B23C2DF9D284
:10FCF00003E0183C401CA4B280B2182CF9D269462B
:10FD0000C978890769464A7827D01849491E515C45
:10FD1000814202D2F0F7ECF9084612498A1B1049D9
:10FD20002C394A60052252068A618F704D700A464E
:10FD30000C70203210706846C079C8700020C8610D
:10FD4000FF2248610132C8604A62086102460846E3
:10FD50002438FEF72DFA07B0F0BD04490C31D5E781
:10FD600074130020FF03000080AEFEFFB18E010877
:10FD700010B5FF2101310748FEF7EEF8054800688D
:10FD8000C16880221140FF398239C1600249900266
:10FD9000486110BD2413002000040140810A7D2227
:10FDA0008005D200800D50435143800A08187047E7
:10FDB00010B5410EC0017D220023F0F7C3F910BD3C
:10FDC00001B582B0C8200090012301AA02A903480E
:10FDD000FEF7C0FD684680880EBD00008C13002031
:10FDE00010B51C4A1A4810601C491B4B00200968BA
:10FDF00003E04908401C072801D29942F9D841077D
:10FE00008307C90FDB0F49011B011943C00700D04D
:10FE100008200143D1610020906010615061FF21F2
:10FE2000D0600531906251600121106249029161F8
:10FE300050620B48416B8214114341630548FEF741
:10FE40007FFB002801D0FCF745FA00F00BF810BD4D
:10FE5000003001408C13002080969800381000205C
:10FE60000010024030B585B014216846F0F7B3F9B0
:10FE70000220019000240320039002946A46082186
:10FE800004940F48FFF726FC05252D076A464021FC
:10FE90002846FFF71FFC6A4680212846FFF71AFC18
:10FEA000012102940191CC036A4621462846FFF7BE
:10FEB00011FC012221462846FFF768FC05B030BD41
:10FEC00000040050F3B53B4C0025206F81B0C030DA
:10FED000007A0E46022802D03748406B804700F077
:10FEE000ECF9002806D0022000F0FEF9002000F016
:10FEF000DAF90125206FC030007A012815D100F011
:10FF0000E2F9002806D0002000F0F2F9002000F00D
:10FF1000E4F9012500F0D5F9002806D0002000F012
:10FF2000E5F9002000F0D5F93BE0002D39D1214D55
:10FF300010276035297B284640380029216F06D0DC
:10FF4000FF31FF310231497E01291ED01EE0FF3111
:10FF5000FF310231497E012901D101994173019894
:10FF600000F09AFB206FC030007A02281ED01348A0
:10FF7000006C06F012FE0F498039896C884210D35C
:10FF80000C48543806F0D4FE08E04673304600F0C2
:10FF900083FB206FC030007A022807D0687B38438B
:10FFA0006873206FC030007A022801D102F00EFC85
:10FFB000FEBD0000A81800201C8E0108A817002014
:10FFC0000720F2F79DFD00BFFDE701688A69D24373
:10FFD000920701D400228A6200688169C943C90777
:10FFE00003D081690122114381617047F8B504464D
:10FFF0000068174680690E46C043C0062CD42546CB
:020000040801F1
:10000000403520688069C04380060FD5701CF8D049
:10001000002E04D0FCF774FEC01BB042F1D92020A2
:1000200068700020A87028700320F8BD2168102097
:10003000C86120682026C6612046FFF7C6FF2068F9
:100040004168064A11404160042060646E700020DF
:10005000A87028700120F8BD0020F8BD00E800FE5F
:10006000F0B50068059C4568660D8905890D054F4A
:10007000120411433E431943B54321430D434560E8
:10008000F0BD0000FF63FF03F8B51C4617460E469F
:10009000054611E0601C0FD0002C05D0FCF730FEA7
:1000A0000699401AA04207D92020403568700020E8
:1000B000A87028700320F8BD2868816930468843FD
:1000C00004D00020B842E5D00020F8BD0120F9E7B7
:1000D000F8B5054617460E460446403532E03A4626
:1000E00031462046FFF782FF002801D00120F8BDED
:1000F00020688069C043800614D420688169C943A0
:10010000490702D4218D002921D12022C261206813
:100110004168104B19404160002060646A70A8700B
:100120002870E3E7002E04D0FCF7EAFDC01BB042C4
:1001300008D9606C20210843606469700020287031
:100140000320F8BD20688069C0434007C7D4002061
:10015000F8BD000000E800FE70B516460D460446E6
:100160001AE0324629462046FFF740FF002801D01A
:10017000012070BD002D04D0FCF7C2FD801BA842F9
:100180000AD9616C20200143616440346070002012
:10019000A0702070032070BD20688069C043800675
:1001A000DFD4002070BD70B516460C4605461CE035
:1001B000324621462846FFF719FF002801D00120CA
:1001C00070BD601C11D0002C04D0FCF799FD801B81
:1001D000A0420AD9696C20200143696440356870E7
:1001E0000020A8702870032070BD28688069C04373
:1001F0008007DDD4002070BD044909690A46103229
:10020000824201D108467047001D7047EC1C002057
:10021000EFF3108172B607480268002A01D000206F
:1002200005E04068002801D0012000E0022081F3B1
:10023000108870477810002010B5EFF3108472B664
:10024000064B00295A6803D0012903D1024300E07C
:1002500082435A6084F3108810BD0000781000209B
:1002600010B5EFF3108472B6064B00291A6803D05C
:10027000012903D1024300E082431A6084F310880D
:1002800010BD000078100020884200DC084670474E
:1002900010B58478002C01D0002010BDF0F76EFE60
:1002A00010BD00207047704770470021016008466C
:1002B000704770477047002070470020704700204B
:1002C00070470020704700207047002070470220D0
:1002D0007047704700207047704770477047012093
:1002E00070477047002070477047704770477047ED
:1002F0007047704702207047F8B515460F00064654
:100300000BD008F087FA040009D0184801462143B1
:1003100007D00168002906D006E00120F8BD0220C0
:10032000F8BD0520F8BD04604168002900D00C60CC
:100330000022226044602671AAB23946601DA56081
:1003400008F080FA052E0FD0082E0DD00A2E0BD003
:100350000020207305486D1C8030816F491981672A
:1003600002F0DAF80020F8BD0120F2E7D81B0020E7
:10037000FC21016000487047D81B0020002804D0F1
:100380000349896F01600020704701207047000019
:10039000581C002010B50446FC220021054808F036
:1003A00069FA044900220A6003484A600460104662
:1003B00010BD0000D81B00207010002070B5002870
:1003C0000BD01B4A002511460143002907D01168B4
:1003D00006460C46884205D10AE0012070BD032084
:1003E00070BD1946002904D00B68B342F9D100E072
:1003F0000021844201D1036813605468844200D113
:100400005160002901D002680A6009490560803105
:100410008A6F8368D21A521E8A6708F0ABF90028E7
:1004200003D002F079F8002070BD052070BD0000F7
:10043000D81B002010B5084802E0017B002906D037
:1004400000680028F9D102F067F8002010BD0468A8
:10045000FFF7B4FF2046F4E7D81B002070B50D4825
:100460000D4D006810E0017B046801290BD1027971
:1004700000216B5C9A4202D1FFF7A0FF03E0491C08
:10048000C9B20329F5D320460028ECD102F044F884
:10049000002070BDD81B0020D98E010810B500289F
:1004A00006D00146FC22034808F0CCF9002010BD1C
:1004B000012010BDD81B0020F8B51500064605D058
:1004C000002903D00E480021046814E00120F8BD83
:1004D000A068721A401C82420FD320796854491CCC
:1004E0002089CFB282B2E819611D08F0ABF9207AF9
:1004F0002468C019C1B2002CEAD10020F8BD000068
:10050000D81B002010B50C4C01462269107D05282F
:1005100001D3002010BDA0680B7803704B784370A6
:10052000C978C17000218170117D491C1175FFF7D8
:1005300063FEA060012010BDEC1C00200148006992
:10054000007D7047EC1C00201621016000487047B8
:10055000D41C002010B507490A69127D002A07D073
:100560008A684968FBF770FF002801D0407810BD09
:10057000012010BDEC1C002001480069407D70473F
:10058000EC1C0020F8B506461248002401690F7DD6
:100590001DE01049486802783270427872708578A0
:1005A000002D04D0086881683046884706E001784D
:1005B0006A46117041785170C078D07000F03AF8F6
:1005C000002D02D16846FFF79DFF641CE4B2BC42D7
:1005D000DFD3F8BDEC1C002070B5094C0D4620603F
:1005E0002046183800212061017560601422FF2127
:1005F000A06008F03FF9216901204875E56070BDF1
:10060000EC1C002010B504498A684968FBF71CFF00
:10061000002800D0012010BDEC1C00200448006917
:10062000007D052801D3012070470020704700009D
:10063000EC1C002010B5064C2169087D002806D06E
:10064000401E08756068FFF7D7FD6060012010BD8F
:10065000EC1C002010B5002805D0014616220248E7
:1006600008F0F0F8012010BDD41C002010B504469D
:1006700008480B460169097D002909D08268416854
:100680001846FBF7E1FE002802D04470012181707A
:1006900010BD0000EC1C002070B50A4D044629690D
:1006A00068684C75097D00290AD001264470C1781C
:1006B000002900D18670FFF79FFDA9688142F5D11E
:1006C00070BD0000EC1C0020302101600048704724
:1006D000A81B0020F7B5C6B01400064626D04798E0
:1006E000002823D0654F0025B8680290FF2E1FD048
:1006F00003210091002E1FD0022E1DD02830029021
:1007000020790021421903A808F0B4F803A843197E
:1007100001932079009A401E81B22068401C05F0A8
:10072000A1FC00280AD00C2049B0F0BD0720FBE74F
:1007300001200C250090E3E7381DE0E720790199BE
:10074000401E82B22068401C08F07CF8204601F070
:1007500006FA002801D00D20E6E7207CC0092ED043
:100760000120B87002200090694603A80E73013082
:100770000822479908F071F8B868694602784A7506
:1007800000886D1F000A88756079C8752079636AD2
:10079000401981B203A8009A06F0ACFD0028C3D12D
:1007A000E179A07909020143207A00040843B9687D
:1007B0004A68824241D24860F86880470BE00020D6
:1007C000B87020790122001F81B2636A206806F0A8
:1007D00091FD0028A8D1B878012830D022460932EE
:1007E0001546A11D0720BB68FBF78EFC00289BD196
:1007F0002A46A11D0620BB68FBF786FC002893D182
:100800002A46A11D0420BB68FBF77EFC00288BD183
:100810002A46A11D0520BB68FBF776FC002883D182
:10082000B880B9688860411EB8684161C160B86825
:100830000161F8688047002076E7032074E7A11D76
:100840000420029B479AFBF79FFC002884D1A11D3E
:100850000520029B479AFBF797FC0028ECD1A11DCD
:100860000620029B479AFBF78FFC0028E4D1A11DCC
:100870000720029B479AFBF787FCCFE7981B0020D5
:1008800070B50146124C0120E0700025A5700220D1
:100890006070204625701030A580A060002915D01A
:1008A000E1603022002107F0E5FFA580A06800216B
:1008B0008560A068C9434161C160A06801610146CB
:1008C0001431C16203F066FE002070BD0149E7E704
:1008D000981B002055C2000870B504001ED00125E9
:1008E00008F0CEF8164EB1680880F0688047B0680E
:1008F00021460088E0820E310E460220FBF7DAFB2B
:1009000000280CD131460320FBF7D4FB002806D188
:10091000204601F0B7FA002810D101E0072070BD91
:10092000234618332A461321206801F037FB00289C
:10093000F5D1204601F0A6FA0028F0D00E2070BDB7
:10094000981B002010B5002806D00146302203482D
:1009500007F078FF002010BD072010BDA81B002065
:10096000FFB5072287B01C460546002B07D0414F34
:10097000B8688168A94204D905200BB0F0BD0720F2
:10098000FBE7204620300378002B00D1062200260A
:10099000A94219D200960195017AA368606A01F014
:1009A0001FFF0028E9D1B87801280DD1204610306A
:1009B00000950190207B00230007000F1A46A168D4
:1009C000FBF7AAFC0028D8D1B8688560F868804792
:1009D000204601F0EFF9002819D1B878012818D085
:1009E000E189A26820462C30009601920291039082
:1009F00020790023001F81B206222068F0F7D8FB7F
:100A00000028BAD1204601F0D5F90028B5D00E2033
:100A1000B3E705960696099805ABE289A16801AD92
:100A20000FC508980090207B05228006C30F20790F
:100A3000001F81B22068F0F7EEFB00289DD1E0890D
:100A4000A16806AA0096039201910290207B0422DD
:100A50008006C30F2079001F81B22068F0F7A8FB41
:100A600000288AD106980599000489B20843E062FB
:100A7000C8E70000981B002010B505F0DFFB002838
:100A800000D00C2010BD0000014908600020704714
:100A9000981B0020FFB585B00E9C1D460E460746EC
:100AA000002C07D0204601F005F8002804D00D20C6
:100AB00009B0F0BD0720FBE704A93846FBF7E8FCC6
:100AC0000028F5D1049847788278A068B04201D018
:100AD0000220EDE7207B8006C30F1E4880780028A7
:100AE00000D10023E06A0121019602950091039054
:100AF0002079001F81B2206806F006FC0028D7D1BB
:100B0000204620300178002900D1062701210195D7
:100B10000091017A33463A46606A01F061FE00288E
:100B2000C6D10C48807801280DD1204610300095A0
:100B30000190207B01220007000F3146079BFBF745
:100B4000EBFB0028B4D12946079806F0B5FB00203E
:100B5000AEE70000981B002020210160004870478C
:100B6000001D002010B5044601F012F90148046090
:100B7000002010BD7410002010B5002806D00146DA
:100B80002022034807F05EFE002010BD042010BDA7
:100B9000001D0020002809D005498160091D8162DF
:100BA000091D8164091D816600207047042070477B
:100BB000101D0020FFB50A9F0B9D002A0DD0002FAD
:100BC0000BD0002D09D06B469E7B314C030006F004
:100BD0004BFC05191D2123075100042004B0F0BD72
:100BE000012E03D003203870E06818E0002905D0FA
:100BF000032903D001203870606810E002203870AB
:100C0000A0680CE004203870206908E005203870E6
:100C1000606904E0062000E007203870E069411CAC
:100C2000D18904D082B28A1A002A02DD8118296093
:100C30001DE0002A20D0174A90421DD929603A7839
:100C4000130006F011FC080507090B0D0F1113170F
:100C50000320C3E761600AE0A16008E0E16006E00C
:100C6000216104E0616102E0A16100E0E161002E28
:100C700005D00BE00520B1E728600120AEE7296828
:100C8000091A0998814201DB0220A7E70020A5E7A5
:100C9000001D0020C8AF0000002805D003490968E6
:100CA000491C01600020704704207047001D00208F
:100CB00070B5134C134D607B0007002808DAA86D4F
:100CC000C16820460C388847607BF7210840607374
:100CD000607B810713D5FD210840607308486038A8
:100CE000006FC030007A022804D1686D002801D15D
:100CF00001F06CFDA86D416801485038884770BD0F
:100D000008190020A817002010B5EFF3108072B664
:100D10001D491D4A0C68002180F3108801201160D4
:100D2000FBF70AFF002C2DD0E00601D502F0C4FB32
:100D3000200701D502F00CF9600717D51348006FA2
:100D4000C030007A022803D01148406B804701E090
:100D500001F03CFD0D49022020314873FFF79CFC57
:100D60000A4810226030417B11434173A00703D52C
:100D700006210520FFF7A6F8E00703D00421032091
:100D8000FFF7A0F810BD00004C100020A8180020AC
:100D90001C8E0108FEB53C4D697BC8073FD0002082
:100DA00084462846403802900446027B203C206F4F
:100DB000002A04D0032A02D0012A14D057E0FF22CF
:100DC0001132135CF422125C934201D3012122E020
:100DD000890706D5C030007A0028F7D0287B002884
:100DE000F4D0002117E0C31DFF33FA331A7E012A25
:100DF00015D1254EDA7D9B7D403E367C9A420FD23E
:100E0000890701D5012E0BD0002111225201821831
:100E10009278002A06D0002926D005F0E9FBFEBD15
:100E20000121F2E7002902D0002E03D014E0F0F7F0
:100E30007FF81CE001216A4611711449896800910C
:100E40000078694603F02CFB216F0020FF31FF3151
:100E50000231487602990874206FFF30FF3002306B
:100E6000C17D02984174D8E760460028D7D1687BDD
:100E7000EF2108406873216F0020FF31FF310231FC
:100E8000087601F07BFCFEBD08190020481B0020FD
:100E900038B519481949057B68460570486D002822
:100EA00029D1154C641EEA0702D06808400060731F
:100EB000607B420702D5FB22104060730120A073C3
:100EC000E80704D0886D01680B4835388847680703
:100ED0000BD509482138FFF755FBFFF72FFB0028FA
:100EE00003D0607B042108436073FFF7FAF9607B4D
:100EF000EF210840607338BD09190020A8170020B1
:100F0000F0B58FB00E46050017467DD0002EFCD000
:100F100028680028F9D068680028F6D0A86800285A
:100F2000F3D0E8680028F0D0104603F0C0FA00289B
:100F30006BD0D1492846FFF74FFB8B22920000214E
:100F4000CE4807F097FCCE4A0021CE4807F092FC2D
:100F5000CA4801210446743C2067FF30FF3002304C
:100F6000C1758175206F0770206F0027C030077230
:100F7000206FFF30013047756846C17187710321CA
:100F8000417107711121206F4901401801990160D9
:100F90000E2168460170206F6946007803F077FAE9
:100FA000002800D00120216FFF3101318874092110
:100FB00068460170206F6946007803F068FA216F77
:100FC0000871052168460170206F6946007803F0BA
:100FD0005EFA216F48710F2168460170206F6946E3
:100FE000007803F054FA216F0861102168460170FF
:100FF000206F6946007803F04AFA216F4861112199
:1010000068460170206F01E0EBE0EDE00078694692
:1010100003F03DFA216F8861122168460170206F4C
:101020006946007803F033FA216FC86113216846DE
:101030000170206F6946007803F029FA216F086279
:10104000162168460170206F6946007803F01FFA88
:10105000216F20314871172168460170206F694661
:10106000007803F014FA216F886218216846017035
:10107000206F6946007803F00AFA216F2031087367
:101080001D2168460170206F6946007803F0FFF962
:10109000216F203108741E2168460170206F694657
:1010A000007803F0F4F9216F203148741F2168465D
:1010B0000170206F6946007803F0E9F9216F4863F9
:1010C000202168460170206F6946007803F0DFF93F
:1010D000216F88630A2168460170206F6946007895
:1010E00003F0D5F9216FC03108820B2168460170E9
:1010F000206F6946007803F0CAF9216FC031488239
:10110000216F012020310871216F14208860216F28
:1011100006200873206F816880308165206F017B15
:10112000C0300177206F016980300166206F41690E
:1011300080304166206F816980308166206FC1698F
:101140008030C166206F016A80300167206F2421E2
:10115000095CE030017503F02FFA216F0120C031E6
:1011600048722846484D4949EE65A86543481438F9
:10117000019047732F6401206F64686528467C30B6
:1011800005F017FD28464249943005F012FD284627
:101190004049AC3005F00DFD28463F49F43005F0DC
:1011A00008FD05F0F4FCA8643C4828663C48A866A5
:1011B0003C4828673C4868663C48E8663C4D3248F5
:1011C000A96860308847684607730297206F02A9B4
:1011D000007803F065F9374804F0D0FF00280AD101
:1011E00004E003200FB0F0BD0920FBE73248FFF711
:1011F00047FB002801D01120F4E73048FFF7CAF878
:10120000002801D01320EDE72D48FFF7ABFC0028A4
:1012100001D01220E6E7206F4830FFF7BBFCE869F9
:10122000804707F043FD206F296EC030407A884721
:10123000686B80470C970D9770680C90F0680D9064
:101240000E48204A203804904438059030300690EB
:101250002D300790206F099001464431089190315C
:1012600048300A910B900CA904A8FFF723F80199C4
:10127000012088730020B5E7F1C200081C19002086
:1012800074040000A8140020A81700207D2701087E
:10129000AD2601081527010839250108292601086E
:1012A0008D250108E1250108892601080526010888
:1012B0001C8E01080FC30008FBC20008E7C200082B
:1012C00005C30008DDC200080548406D002803D1B1
:1012D0000448807B012801D001207047002070471E
:1012E000A817002008190020F0B5044689B0022094
:1012F00005900020064607460290002C7ED0FFF79E
:10130000E3FF01287BD000206946087301461422C0
:101310004B4807F0AFFA4A4801210C3807900546C0
:101320004173203D286FFF30FF300230C1752078B7
:10133000002804D001280ED0032834D121E0286FE2
:101340006A46FF30FF3002308175107B0127C006EE
:10135000C00E40300BE0286FE27BFF30FF300230E0
:1013600082756A46107B0127C006C00E803010735C
:1013700020790290A0680190A0890E260090A657BF
:1013800011E0286F6A46FF30FF3002308175107B14
:10139000E02210436A46107360680190012720899B
:1013A0000A260090A65701206A461076FF21286F72
:1013B0000131095C9176007806A903F068F840B223
:1013C000B04200DB0646002F28D0286FCA21095CF6
:1013D000002911D16A46FF2116740131095C91740C
:1013E0000078042204A903F0C9F800281CD068463C
:1013F000017C286FC030417503A801E014E011E0C2
:10140000009B019A029904F085FF059000280DD0F9
:10141000296F0020FF31FF31023148760020EFF7BD
:1014200089FE059809B0F0BD0320FBE707982178F5
:101430000173034801223430417B11434173EDE7CE
:10144000D418002002207047F8B500250446002873
:1014500024D03A482778006F3B000246C61D01465B
:10146000C032F936803105F0FFFF301B1D232527E0
:10147000626262626262626262626262626262624C
:1014800062626262622A2C2E30353C3A4447494BF4
:101490004D4F5153552057595B605D620320F8BD95
:1014A000107A03E01121490140180079207142E0CF
:1014B000907AFBE7006C00E0406C60603BE0507AA3
:1014C000F4E7707DF2E71C210CE0F83003C8A1605E
:1014D000606030E0C16A806AA16060602BE01A2120
:1014E00000E019216A4611700078694602F0CFFFCA
:1014F000E3E7E030007DD9E7086EDEE7486EDCE721
:10150000886EDAE7C86ED8E7086FD6E74079CDE78E
:10151000507DCBE7107DC9E7886DCEE7107FC5E72A
:10152000B068CAE7FAF758FFC7E7806BC5E72046FF
:10153000FEF7CDFE05462846F8BD0000A81800209D
:10154000F0B5002585B00446002806D0D448406D8B
:10155000800704D5012005B0F0BD0320FBE7D14E84
:101560001121306F27784901411804910146C0319B
:10157000C21D0091F93240393B0005F075FF311A68
:101580001E23272A2D323C41464B50555A5F646931
:101590006E73787D82878C92979CA3F9A6D5FEFA0C
:1015A000F6F5F4F3F2F1F0EFEEEDECEBEAE9E8E753
:1015B000F900207905F054F858E1207902286FD01D
:1015C00004992AE10098217981725DE161680164E2
:1015D0005AE16168416457E161680029EFD0002059
:1015E00003E061680029EAD00120FFF745FA0028EE
:1015F000EBD01120AFE761680029E0D00220F4E7CA
:1016000061680029DBD00320EFE761680029D6D0AC
:101610000420EAE761680029D1D00520E5E7616888
:101620000029CCD00620E0E761680029C7D0072058
:10163000DBE761680029C2D07F20D6E76168002916
:10164000BDD08020D1E761680029B8D08120CCE7E7
:1016500061680029B3D08220C7E761680029AED055
:101660008320C2E761680029A9D08420BDE76168B2
:101670000029A4D08520B8E7616800299FD0862082
:10168000B3E7616800299AD08720AEE76168002936
:1016900095D08820A9E76168002990D08920A4E727
:1016A00077E0616800298AD08A209EE76168002976
:1016B0006FD08B2099E70099207948727A49096E9A
:1016C0008847E1E020795075DEE0217A6B46197198
:1016D000517859710078062201A902F04FFF0028C5
:1016E00057D0306F6168F830A26806C0306FC821EB
:1016F000095C022917D111214901401800790028FD
:1017000011D06948406B80476648D8212038009046
:10171000306FFC240B58DC210A5C2156007802F063
:10172000DCF901F053F8AFE0217A6B46197151787A
:1017300059710078062201A902F020FF002828D064
:10174000306FA3686268C36282629DE090E088E0C7
:1017500084E080E079E072E052E060E03EE02EE07C
:101760002AE026E022E01EE01AE013E001E004E0B7
:1017700092E061680291012102E06168029100211A
:101780006A461173007802A901F0A3FF00287AD0FD
:101790007AE077E021794A1E0E2A74D8E0304CE0D6
:1017A0006068086670E0606848666DE0606888663A
:1017B0006AE06068C86667E06068086764E021798D
:1017C0006A4611710078052201A902F0D7FE0028AF
:1017D00059D06846316F0079487155E021796B46E0
:1017E0001971117899710078042201A902F0C6FEDE
:1017F000002848D068460179306FC030417543E019
:1018000021796A4611710078092201A902F0B6FE19
:10181000002838D068460079316F087134E02179AA
:101820006A4611710078082201A902F0A7FE00287B
:1018300029D068460179306FC030017524E06168B5
:101840008160306F803081651EE021790173306FD7
:10185000C030017718E06068906015E061688163CE
:1018600012E0606800280ED002F016FF05460BE07B
:10187000A079012807D80498616801606068FFF7C3
:1018800003F9B4E6FFE703250120EFF753FC00203E
:10189000EFF750FC28465EE62046FFF7D3FDE5E76C
:1018A000A8170020A81800201C8E0108FEB50446C9
:1018B000002002250190002C63D0FFF705FD0128D0
:1018C0002ED0FEF7ABFE002829D1FEF737FE584E8A
:1018D000002804D114220021304606F0CBFF544FDB
:1018E000012070702037797B0422114379732178AD
:1018F0006A46117050700021D17021783E46603EDA
:101900000B0005F0B1FD0E08515140474B515151AC
:10191000585172616D514748406D800601D50120D4
:10192000FEBD606800282CD0A068002829D01122B4
:10193000316F520100208918087102F03DFE3E48C7
:1019400061680160A1684160306F0C2161560078C8
:10195000002201F098FE316FC031487507206946BA
:101960004870FF2004F0D2FD05004DD0306F0C21EF
:1019700061560078012201F086FE316FC031487552
:1019800014E00320FEBD00252A4601A9022016E02E
:1019900013250BE0A08804F0F3FD04E0227BA0886F
:1019A000A16804F011FE0546002D2DD0FEF7C6FDFE
:1019B000002831D02EE000252A4601A90D20FEF78F
:1019C0009BFC0028E4D11FE024796007400FFEF75C
:1019D0008EFC684604710025012201A91020EEE763
:1019E00000252A4601A91220E9E76946C870FEF7DA
:1019F00062FC002801D00125D8E70020FEF774FC26
:101A00000020FEF750FC00256846FEF77BFD002015
:101A1000EFF790FB2846FEBD316F0020FF31FF310C
:101A200002314876787BFB2108407873F2E70000AA
:101A3000E8180020A8170020A81400200FB410B543
:101A40001A48406D800704D5012010BC08BC04B0C2
:101A500018476A46107A1649400102460C6F039BEC
:101A60004C32A3506A46137C02460C6F5432A35486
:101A70000C6F059B121DA3506A46137E02460C6F25
:101A80005C32A3546A46538B02460C6F5E32A352FB
:101A9000096F48300818FEF728FC0020EFF74AFBD2
:101AA0000120EFF747FB0020CFE70000A817002038
:101AB000A818002070B504004FD0216800294CD030
:101AC000087860714878A0608A7812021043A0609C
:101AD000CA7812041043A0600A7912061043A0606D
:101AE0004A7922738879E081CB7912071B02184367
:101AF000E0812046120F1030083106F0A3FE207B53
:101B00002146002220310A7000070A72000F227954
:101B10000830131A1B1F002B0BDD23681D5C401CB3
:101B2000121A121F0D70D2B20A721918606A06F0EA
:101B300089FE2179206840182038027FE262417FC7
:101B400009021143E162827F12040A43E262C07F0C
:101B500000061043E062002070BD022070BD10B589
:101B600004002DD0216800292AD008786071032252
:101B7000A01D491C06F066FE21682046032209309C
:101B8000091D06F05FFE2168C879E0600A7A12023A
:101B90001043E0604A7A12041043E0608A7A120629
:101BA0001043E060C87A2074087B607422790D20AD
:101BB0000D3A142A06D0121F002A0ADD012010BD9A
:101BC000022010BD2046102212300D3106F03AFEE0
:101BD0001D2021680A5C401C62620B5C401C1B02D9
:101BE0001A4362620B5C401C1B041A436262085C6D
:101BF000000602430020626210BD0000F8B5FFF746
:101C000083F8FEF76BFB334D687BC1065ED5002180
:101C1000314CA973616D02270A06002A03DA80227B
:101C20009143B9436165410701D4C00748D0FEF72D
:101C3000A3FC0122294992028E18212252018918FF
:101C400002280DD0487B02280AD0002000900B20EB
:101C5000FEF7D8FC002818D0687BC1070ED014E02E
:101C6000606DB8436065306FFF30FF300230C07D7B
:101C700048740020087470630120E7E7400704D52A
:101C8000606DB8436065012000E0002000990843C2
:101C900018D1687B400713D50020FEF7B3FC00285D
:101CA0000ED00020FEF756FC002806D100F070F898
:101CB000316F0020FF3101310874606DB8436065F9
:101CC000FFF768F8FFF7E4F80120A873FEF7F0FFCC
:101CD000F8BD000008190020A8170020A814002053
:101CE000F0B5064629480C46026F89B01046803090
:101CF0000146C06C089050796B4618701079002529
:101D000018760795002C2CD011204001101800687F
:101D1000019010461D72C030877A5F72C96C0391C2
:101D2000018A1982418A5982417D1975007D587551
:101D3000FF200130805C98751078D87508AB06AA32
:101D4000694601A8FEF7A4FA6B465857FAF7D2FB8A
:101D5000607007A8FEF712FB002804D0132009B01A
:101D6000F0BD0320FBE707990F290CD86078884263
:101D700009D3411A217007998919884201D300209B
:101D8000EDE70820EBE72570FBE70000A81800202E
:101D900010B5074800210160491E41608160C160A3
:101DA000016141618161C16100F0BEFB002010BD95
:101DB000001D002070B5040012D0216800290FD04A
:101DC00026462036307A00280CD0227B08301207B5
:101DD000120F521C80182279904206D9022070BD41
:101DE000012070BD20790828F8D360790870216837
:101DF000207A487020892168000A8870A0682168CC
:101E0000000CC870A0682168000E08712168207B52
:101E100048712168A07B8871E0892168000AC87137
:101E2000207B214602072068120F1031083006F08F
:101E300009FD207B05072D0F307A0835002803D0D7
:101E40002168307848556D1C2068327A4019616AE3
:101E500006F0F8FC307A22684019A18D1154A18D4A
:101E60002268090A401C1154E16A2268090C401CCE
:101E70001154E16A2268090E401C1154401C207163
:101E8000002070BD10B5040007D02068002804D0E1
:101E90002179172903D2022010BD012010BD6179DC
:101EA000017020680822A11D401C06F0D6FC2068A5
:101EB000214608220E31093006F0CFFC2168A07DB2
:101EC0004874E08A2168000A88742168207EC874FA
:101ED000208B2168000A0875A0692168000C4875EC
:101EE000A0692168000E887517202071002010BDA0
:101EF00010B50F4A030005F0B7FA080507090B0DE6
:101F00000F111318032010BD51600AE0916008E022
:101F1000D16006E0116104E0516102E0916100E0EE
:101F2000D16100F001FB002010BD052010BD0000B4
:101F3000001D002010B50349086000F0F5FA0020EC
:101F400010BD0000001D00200149002048657047B9
:101F5000A817002038B505466846074C0570206F65
:101F60000E220078694602F009FB002803D0206F9A
:101F7000FF300130857438BDA818002006488169FB
:101F8000C907FCD1416803221204914341604168B2
:101F900001221143416070470020024010B504F057
:101FA00093F8002800D00C2010BDFF220132811AC6
:101FB00090420DD009DC08280ED009DC012809D098
:101FC000022807D0042803D106E00F200002814236
:101FD0000720704705207047062070471CB5002178
:101FE00017480091154A0191026001648160032243
:101FF000C163920701614260C16041620122C16216
:10200000026201634163FF238161C23381638362A2
:102010004261C161FAF72AFB002801D0FAF75AF9A8
:1020200008480090C001019069460548FAF7D0FAC7
:10203000002801D0FAF74EF91CBD00000024014031
:10204000E03B002020000014F0B53C4887B0C16A96
:1020500002252943C162C16A29400591C16A01264E
:102060003143C162C16A31400591C16A8022114386
:10207000C162C06AE90110400590052032460007A0
:10208000FAF737FE052000222D490007FAF731FE46
:102090002B4901221B312B48FAF72BFE002280210D
:1020A0002848FAF726FE002201212748FAF721FEE8
:1020B0001120000200240090052002946946019638
:1020C00003940007FAF760FD0920009005200294B0
:1020D00001956946049503940007FAF755FDA80297
:1020E00000901A4F05206946019702940007FAF7FD
:1020F0004BFD134802949B3000906946019603946F
:102100001048FAF741FD402000906946019702957A
:102110000C48FAF739FD0096029469460A48019680
:102120000394FAF731FD002201210720FBF75EF945
:102130000720FBF74FF907B0F0BD00000010024088
:102140000910000000040050001C00500000211085
:1021500010B51348114901601249416000218160A6
:102160000161416181610122C161C2600162FAF7CE
:1021700087FE002801D0FAF7ADF800210848FAF7E9
:1021800036FE002801D0FAF7A5F800210448FAF736
:1021900053FE002801D0FAF79DF810BD005400400E
:1021A000F03A0020BB7C700010B508480649016079
:1021B000032141600649C1608160FBF78DF800286A
:1021C00001D0FAF787F810BD00300040783B0020BE
:1021D000FF0F000010B50649044808600846FBF7E9
:1021E00058FE002801D0FAF775F810BD00500240E3
:1021F000883B002010B50F480D490160FF210531D3
:1022000041600021816002220261C16001224261BD
:1022100052028261016238224162C26181620721F9
:10222000C162FCF78DF9002801D0FAF753F810BD10
:1022300000380040403C002010B586B000240094D7
:10224000012134480194029403940494890705946D
:1022500001600A2184604160FF2104619131446181
:10226000C160FCF703FD002801D0FAF733F8012024
:102270000003009069462748FCF735FD002801D08F
:10228000FAF728F82348FCF7A1FE002801D0FAF756
:1022900021F8049404A91F480594FCF7C9FC002800
:1022A00001D0FAF717F804A91A48FCF7C1FC19483D
:1022B00060213C3012C004600146446000220839AD
:1022C0004438FCF71BFE002801D0FAF703F8114947
:1022D0000C223C310F48FCF711FE002801D0F9F721
:1022E000F9FF0C48FCF78CFE0B48816B012211436F
:1022F00081630848FCF76AFE064900223C31054824
:10230000FCF7FCFD03490C223C310248FCF7F6FDCA
:1023100006B010BD943B00200010024010B586B0FE
:1023200000240094174801940294039404941449DF
:10233000059401607D210902846041600461C82127
:102340004461C160FCF792FC002801D0F9F7C2FF9C
:1023500001200003009069460A48FCF7C4FC0028ED
:1023600001D0F9F7B7FF049404A906480594FCF7D7
:102370005FFC002801D0F9F7ADFF06B010BD0000EA
:10238000000400403C3B002070B518484B25027902
:10239000174BED010C2400211648022A1ED0012AF9
:1023A0001CD0042A1AD08160C1604461016181613E
:1023B000C161016241620D4928C08031897C0838C1
:1023C000002903D001214162490481620948FCF7D8
:1023D00029FF002801D0F9F77DFF70BD012212030B
:1023E0008260921006460C3616C6E0E7682600208A
:1023F000003801401039002010B511480F49016024
:10240000E1214902416000218160C1600161816177
:10241000C1610C220162426141620A49C97C002902
:1024200003D001214162490481620548FAF7A4FC06
:10243000002801D0F9F74EFF10BD00000044004015
:1024400080390020E826002000B58DB000206946C4
:10245000087606A8FEF7F8FF1F2069460870684650
:10246000FEF7F2FF002803D1401C0006000EFBD04F
:102470000DB000BD7CB50446407800281AD16079C3
:102480000F4D012801D1E869804705F00BFF0028B6
:1024900001D005F0F5FE607B01280BD1E078E02843
:1024A00009D069464871207B0871A06800902969AD
:1024B000684688477CBD0349204605F0F9FE7CBD8F
:1024C000AC1000200823002010B504460078002836
:1024D0000CD0032809D16078002806D105F0E2FE6F
:1024E000002802D0204605F0D3FE10BD60780028F9
:1024F000FBD102484069804710BD0000AC100020AD
:102500000078062802D10248C069004770470000E1
:10251000AC1000207047000002480068002800D07E
:10252000004770477010002002480068002800D063
:10253000004770477410002010B5114804F0F8FBF4
:102540000F490C31086FFF30FF300230427E012A04
:1025500000D10276086FC030007A022805D1084801
:1025600010226C30417B114341730548F438C06D33
:10257000002803D0C068002800D0804710BD0000AC
:102580009C18002010B505F063FF10BDF8B51C467F
:1025900015460E46074604F0FAFA01460D48234652
:1025A00082C00680458004712A4631463846F5F7D8
:1025B000D3FF00280CD1084908220868104308609E
:1025C0000648C06D002803D0C068002800D08047AE
:1025D000F8BD0000881B00204C100020A817002028
:1025E000064902220868104308600548C06D0028AB
:1025F00003D0C068002800D0004770474C1000206E
:10260000A817002006490122086810430860054801
:10261000C06D002803D0C068002800D00047704774
:102620004C100020A81700201CB504F0B0FA124985
:102630000860684604F082F81048019A0099026523
:10264000C1640D481022001F0168114301600C484D
:10265000407A002806D10B48007F002802D0F1F70D
:1026600011FB1CBD0548C06D0028FAD0C0680028C9
:10267000F7D080471CBD000050100020A817002094
:1026800028260020A82700200649042208681043B5
:1026900008600548C06D002803D0C068002800D03D
:1026A000004770474C100020A817002070B517484D
:1026B00004F03EFB15480022CC300546603D027315
:1026C000296F2C46C81DF930C37C403C2373F52389
:1026D0005B5CE37343782377407D6077A277E27792
:1026E000C031087A022802D10948806B8047074A26
:1026F000286F803211460078483901F007FF286FB3
:102700008030016EA07F02F05DF870BD3C180020A3
:102710001C8E010870B5184804F00AFB164E0125FE
:102720005436306F3446C11D203CF931CA7C2270CA
:10273000F82223461258603B5A664A782274497D33
:102740006174E574C821095C022902D00021A174DA
:1027500000E0A574084A00786832214601F0D6FEF0
:10276000002808D0306F8030016EA07C02F02AF87B
:102770000148B430057370BD5418002010B51248DC
:1027800004F0D6FA104820227C38416D914341650F
:10279000012003F0B3FB002815D00B2813D00A4802
:1027A0008430016FD520425C0748FF31A430FF31EF
:1027B00082730231C97D4174092141730846FDF7D6
:1027C0006BFF03F015FF10BD2418002010B500208A
:1027D000FFF7A0FF01490220087310BD081900206F
:1027E000FFB589B00E46139904001CD00025009552
:1027F0000195029501270395049505950695684670
:1028000007950774129A427583751A0AC2751A0CD5
:1028100002761A0E427681760A0AC2760A0C02778E
:10282000090E41771CE007200DB0F0BD6846C77760
:102830007F1CBFB26B46102104A80B9A03F012FC58
:1028400000281BD129186B461B5C625C401C5A4057
:10285000C0B262541028F5D3103E1035B6B2EDB2B6
:10286000102EE3D2002E17D06846C7776B46102192
:1028700004A80B9A03F0F6FB002801D00C20D3E744
:1028800000206A4606E02918635C175C7B40401C08
:102890006354C0B2B042F6D30020C5E770470000D1
:1028A00070B50699049D059C00290ED049260E702E
:1028B0000026002A0DD0124A002B926807D01289F8
:1028C00092B24A70120A8A7005E0072070BD928A9F
:1028D000F6E74E708E70CE700E714B718D712A0AB4
:1028E000CA712A0C0A722A0E4A728C72220ACA72A1
:1028F000220C0A73220E4A738E73C873002070BDB7
:10290000981B0020F0B50899059F069D079C00299B
:102910000CD049260E700026002A09D0104A926871
:10292000D26A12884A70120A8A7003E00720F0BD4A
:102930004E708E70CB700F714E718D712A0ACA71F4
:102940002A0C0A722A0E4A728C72220ACA72220C4D
:102950000A73220E4A738E73C8730020F0BD000004
:10296000981B0020FFB583B00646544900200C9FF9
:10297000534D0881296F1C46FF31FF3102314876E3
:1029800000900190002B00D100274E483A4619468E
:10299000029005F057FFFAB24A4F4848E037FA77FD
:1029A000317881723078400902280CD0042804D094
:1029B000072874D0022007B0F0BD286F0121FF3036
:1029C000FF30023041763F4C0420403C20732046CB
:1029D000F6382061FF202075307860752646203655
:1029E00005983074286F406CA061049800782077B7
:1029F000F87F3076029860636846FEF74DF900284C
:102A000001D01220D7E72E4A0098E083002120321F
:102A100051741174A86301A8FDF7B0FC002832D1ED
:102A20000198002848D0296FD5200856F9F762FD93
:102A3000F97F00291FD001990F2912D8324601A928
:102A40000F20FDF739FD00281DD104980199007869
:102A5000090700090001090F08430499087020774D
:102A60002AE02A6F01A9FF321732FDF725FD002861
:102A700009D10A209FE72A6F01A9FF321732FDF71B
:102A80001BFD002801D0132095E700203074286F2B
:102A9000FF3017306063019830760DE0FFE7002CBF
:102AA0000AD0002A08D0054821460B3005F0CAFE9E
:102AB000F87F0249401C088100207CE7A814002010
:102AC000A8180020E815002010B50B488022416DA1
:102AD00011434165FF300130006FFF30FF3002309D
:102AE000407E002802D00020FFF726FD0348122276
:102AF000417B1143417310BDA81700200819002025
:102B0000FFB58FB00C4605460020694608730C904F
:102B100002900321F848090241180E91232149012E
:102B200041180D910121890246180AE2285D641CB2
:102B3000801EE4B2030004F097FC120A1C8498D6AD
:102B4000F2F0EFEEEDEDEDEDEDECEBEAE9ED03206B
:102B5000FDF758FD0028E8D003210020FDF786FD91
:102B6000285DE649641C0872E0B22A5C4A72401C87
:102B700065E0002708A90F710F720F7369460F7483
:102B80000C980028D1D101200C902819401E0690E5
:102B900011980A46001B401C0877306F0146C0316F
:102BA0008B7A9377FF220132135C6A4653774B7D11
:102BB000D377097D08AA1170F421095C51701121A5
:102BC000490141180968059104AA0BA901920091D5
:102BD00000780AAB09AA05A901F06FFC6A461073D8
:102BE000C043400717D108A90879316FC031487533
:102BF00008A90A7A316FC0B2C0310A7508A90A7BE8
:102C0000316FE0310A75316FC0318F72BC49087085
:102C10004F70F8F7E9FB002706E0012203A9032023
:102C2000FDF76AFB7F1CFFB268460521007CEDF7CB
:102C30005FFAB842F1D86846007C2018401EC4B242
:102C40007FE1285D316F0007FF31000F01314874CB
:102C5000641C0122316F8240FF31FF3102318A83CF
:102C60000022E4B202A9042069E107206946087342
:102C7000285D4006400F4870285D641C0007000F67
:102C80000870E0B2295C401CC0B201912A5C401C73
:102C900012021143C0B201912A5C401C120411437C
:102CA000C4B20846642148430190306F69460078F9
:102CB00001F037FC69460873C14349070DD16946E5
:102CC0000A78316FE0310A77316F019A80318A6773
:102CD00069464A78316FE0314A75694608720122C7
:102CE00002A905205FE00E99FF20C96D002903D0DD
:102CF0000968002900D088476946087212980222A4
:102D00008006800E487202A9062018E1FEE0E2E08B
:102D1000C4E0BAE019E192E04AE02DE0FFE70320C9
:102D200069460873285D0871641C04A9E0B200912B
:102D3000295C401CC0B204912A5C401C1202114361
:102D4000C0B204912A5C401C120411436422514316
:102D5000049100210591C0B22A5C6946401C0A76A4
:102D6000C4B2306F007801F0B9FB6946087308728D
:102D7000012202A90720E2E0285D641C0007000F81
:102D8000E4B2002800D101207D21C9004843316F01
:102D90007D2280314866D200316F8018803188668C
:102DA000002202A90820FDF7A7FA03F0DDFBC8E026
:102DB000285D00216A46641C11705170E4B28106DE
:102DC00001D501215170C10601D501211170000703
:102DD000000F9070306F1146007801F0C6FB401C68
:102DE000E5D0306F6A46FF30117801300170306FE6
:102DF0005178FF300130417090784249085CEDF71E
:102E000094FC316F6A46FF31013148600120107136
:102E1000FF21306F0131095C9171007801A901F047
:102E200036FB316F0246C0311520085652B290422F
:102E300000DC10464875002202A909207FE003202B
:102E400069460873285D0870641CE0B2295C401C68
:102E5000C0B201912A5C401C12021143C0B2019120
:102E60002A5C401C12041143C4B208466421484342
:102E70000190306F6946007800F03CFE69460873A7
:102E80000872012202A90A208DE70D98007B032811
:102E900057D0042855D0FDF71FFA52E0295D641C75
:102EA000E0B22A5C401C12020A43C0B2295C401CFA
:102EB000090411436422C0B251432A5C401C12072A
:102EC000120FC4B21046FDF705FA694608720122D6
:102ED00002A9112033E0295D641CE0B22A5C401C89
:102EE00013020B43C0B2295C401CC4B206480268FE
:102EF0001846FDF7D9F924E0A8140020E8180020AE
:102F000008300020C98E0108881B0020295D641C40
:102F1000E0B22A5C401C12020A43C0B2295C401C89
:102F20000904C4B2114364204843FDF7BAF90028EC
:102F300000D0012069460872012202A91320FDF782
:102F4000DBF91198844200D2F0E513B0F0BD000027
:102F5000F0B5FA48A5B041680191018900910A27AE
:102F60000C21C75F4156F64C00201C911990216F2F
:102F70002546496C2391042120351D901E9128740B
:102F8000E7831C99264629706036317B6970E074AE
:102F9000A0746075A06120776077A870606220746B
:102FA000A062E848406B80472046543803F0C0FEDA
:102FB00000990198FDF796F9002806D02046403088
:102FC00047841C98307125B0F0BD206FC030007A66
:102FD000012817D1FDF777F9002807D00020FDF769
:102FE00087F90020FDF779F903200AE0FDF769F978
:102FF000002807D00020FDF779F90020FDF769F9D6
:103000000420687001986946007808724009012719
:103010002490012822D0CC49029103287ED0052893
:103020007DD007287CD06774FFF74EFDC749206F1D
:103030002A7C095CC030007A002972D0002A02D0B4
:103040000020FFF779FABE480C3803F00BFE002889
:10305000B9D1707B102108437073B4E7BC48806815
:1030600003F09BFDBA49C860216F0B690A6A5B00D7
:10307000D2188242DAD901980F9010AA00981070E5
:103080001120400108180079002801D0677452E12E
:10309000B0480FAA4168FF20FDF71CFB002809D0AB
:1030A0000020FDF7AFFA0028C0D000210720FDF76F
:1030B000DDFABBE710A94879216F086410A9897966
:1030C000226F09020843106410A9C979226F09040C
:1030D00008431064A04A216F10651298486410A933
:1030E000087B4006410F206FE030417510A9087B36
:1030F0000107206F090FE030017710A9487B216F8D
:1031000080314866216F8031002800D14F66216FE1
:103110007D228031486ED200504303E026E024E057
:10312000B6E1C5E14866216F8018803188661127B5
:10313000216F7F010020C919887013A802301F90E9
:10314000009820A911380870206F1FA9007800F09E
:10315000A5FA216F0220C91908710020FDF752FA63
:103160000028A6D000210846A1E72774206F18ABDD
:103170000146FF30013042789A73227D5A730C2247
:103180001A73407D012801D10D20187308781BA9FE
:1031900001F07DF900990D3909B2002900DA00210A
:1031A00000B2814200DD71E70198039000986A4601
:1031B000C0B2107402990C91FF2108AA11756749D9
:1031C0001A91097B00290AD01A9948730098FF28A0
:1031D00005D80246614801990E30ECF7E3FF03A8D9
:1031E000FEF768FC0028DED10598A06222A903A89A
:1031F000F9F70EF80028D6D11990216F42019446B4
:103200004C328A58059B9A4204D1624654328A5CF9
:10321000012A5BD0401CC0B20428EFD3142018A9A7
:103220000873206F1BA9007801F031F980B219A949
:1032300021AA0090019202911120216F40010818EB
:10324000017803AA0B46417809020B438178C078C4
:1032500009040B430006034320A9097A1E98FDF7D1
:10326000A9FC00901A98007B002824D01D98002803
:1032700021D039481A99A030427A897C8A421AD1E1
:103280001A99827A497C8A4215D11A99C27A097CA4
:103290008A4210D1017B1A98C07B81420BD12F4802
:1032A0001999C0300190006D884201D2EFF7D8FB28
:1032B000019819990165009800282DD002282BD07B
:1032C000012814D067741998606234E0012240012B
:1032D00048301D92085C1E906046503008580068C7
:1032E00019906046216F4C300858239096E70820CB
:1032F00060741121206F4901411889780029E2D1B9
:1033000024990529DFD1FF30FF300230816A0E9AFF
:103310009142D8D18776D6E703A8009020A80279F9
:10332000199B23991E98FDF7B5FB00281AD0022897
:1033300016D00C206074FFF7C7FB44E6881B002002
:10334000A81800201C8E0108E816002019020000B1
:103350004C100020A8140020682F002028330020E3
:103360000B20E7E7002060741D99A17469460A7E6E
:10337000D106C90F6175A061207719999206D20F05
:103380006162AA7068732A74226F8032D0641D9AB9
:10339000002A01D0022007E0249A052A15D0226FC6
:1033A000FF32FF3202329076207420A80079FEF7B7
:1033B0009FFD002800D069E6687806990091297B76
:1033C000002815D0012813D01AE0206F1122FF30F9
:1033D000FF3002308776206F520182189278002ADF
:1033E00004D1FF30FF3002300E9A82622774DCE78E
:1033F000012903D168460078800601D5FDF72EF833
:1034000020A8017A07A800290DD001291CD0022983
:1034100027D0032932D06774FFF756FB707B022157
:103420000843707302E6697800916946097E1C9B27
:103430000A07120F0021FFF763FB08A9087BE0745D
:103440000C98A061087D20E0697800916946097EAA
:103450001C9B0A07120F0021FFF752FB08A9087BEB
:103460000AE06878009008A8027D00211C9B0C9857
:10347000FFF746FB08A8007BE074CFE708A8007BB5
:10348000E0740C98A06108A8007D20776777C5E7F5
:103490000199009A491C029805F0D4F90320207480
:1034A000002060740298A0610098401E2077B5E764
:1034B000022800D1C4E5C6E5FEB5384C206FC03007
:1034C000007A022803D03648406B804701E0FFF7BE
:1034D0007DF9324D803D284614300646696C03F074
:1034E000D9FB304603F0E8FB206FC030007A022899
:1034F00013D028462C300646A96C03F0CBFB30468F
:1035000003F0DAFB206FC821095C022905D0FF30E7
:10351000FF300230407E012811D115206946087223
:10352000206F02A9007800F0B2FFA96C09181B48AF
:103530000C38054603F0AEFB284603F0BDFB206FB8
:103540006A46FF300130C17C0175FF21206F1431C4
:10355000095C1170112149014118097900250029E0
:1035600019D0012151700F4E316801910078114638
:1035700000F0E0FF0C49306808640C49206F095CDA
:10358000002907D10549FF3020314D730130017CFE
:10359000491C0174FEBD5570E5E70000A818002025
:1035A0001C8E010850100020A817002019020000EE
:1035B00070B5174B0021DA681206120F18D19A6BFA
:1035C000154CD500134A02D51268224009E09E6BC3
:1035D00001252D072E439E6312689E6B2240AE4349
:1035E0009E63A24204D103229203904200D10121A2
:1035F0000A480268520852000A4302600068C00785
:10360000C00F884201D0012070BD002070BD0000B5
:10361000001002400070004000180000002002402E
:1036200001090A2200075143000F4018C0B2704739
:10363000002102E00A38C0B2491C0A28FAD2090760
:10364000090E0843704770B505460068C168490611
:1036500013D40021C943C160F9F752FB7D2604460B
:10366000F60006E0F9F74CFB001BB04201D903203D
:1036700070BD2868C0684006F4D5002070BD10B544
:10368000FCF74AFA10BD10B50B46052801D0002002
:1036900010BD1146184600F036FA10BD10B50528C9
:1036A00002D1084600F030FA10BD70B514460D4640
:1036B000052801D0D0B270BD1A462146284600F038
:1036C0005CFA70BD10B5052802D1084600F05CFA1E
:1036D00010BD10B5052801D0002010BD084600F02F
:1036E0006DFA10BD30B502460168C07A0C2358430C
:1036F0000930095C50680B01C45A00250C33C550D1
:10370000507A002809D0907A012805D11069014625
:103710006143081A5168C85030BDD06800F004F900
:10372000844200D92046917A002902D1117A0029D9
:1037300003D011694843401AECE75068C55030BDCA
:1037400010B50B0914099C4201D3914201D300200A
:1037500010BD5A000C07835A240F0121A1408B434E
:103760008352012010BD30B500280AD0002908D0AE
:10377000002304E05C000D5B5B1C0553DBB293424D
:10378000F8D330BDFFB51946099A029800F09DF9AB
:10379000002826D0002425461FE000236E000127C4
:1037A00001983946805B994008420ED0E0180C2100
:1037B00048430A994018007A01060A0F0107090FC9
:1037C000029800F082F901280BD05B1CDBB2102BB1
:1037D000E6D310346D1CE4B2EDB200988442DCD321
:1037E000002004B0F0BDFEB5044616460D46580054
:1037F000ECF7B6FF009070000F460838ECF79CFF1E
:1038000022462B46ECF790FE3B46009AECF7DAFD99
:1038100022462B46ECF7F0FE04F0CEFCEDF700F864
:10382000B04200D90646099806600898ECF798FF60
:10383000009001913046ECF793FF22462B46ECF7BF
:1038400073FE0022D243ECF74FFF06460F460222DA
:1038500020462946ECF748FF32463B46ECF756FE39
:10386000019B009AECF752FE04F0A6FCECF7B4FFC3
:103870000A990860FEBD000010B5ECF771FF024622
:103880000B4600200149ECF7B7FE10BD00002040B8
:1038900070B506460846ECF763FF044601200D4666
:1038A000B040ECF749FF22462B46ECF7A5FE00227C
:1038B000014BECF739FE70BD00408F4070B51446E7
:1038C0000D464000ECF731FF2946ECF7FBFC2146A2
:1038D000ECF7F4FCECF7C2FF04F0BEFEECF77CFF63
:1038E00040B270BDF0B58446964600206246002A7C
:1038F00001D0012215E00020F0BD4C0063461E5BA4
:1039000010270024234615469D40B54301D1641C71
:10391000E4B25B1CDBB2BB42F5D32018491CC0B239
:10392000C9B27145E9D3F0BD0649884201D264208D
:1039300070470549884202D27D20C0007047034885
:103940007047000080EE3600803F5C0210270000C8
:10395000FFB504460579062083B02056029007265D
:1039600008276079A657E757002806D10B270920BA
:10397000E75720560A260290A657002D25D015207D
:103980002056A169019100901423E356207B216900
:10399000029AFFF7F7FE002801D1FD2005401C2206
:1039A0001D21A2566156304600F08FF8002807D13D
:1039B0001D202056B04201DD064601E0FB200540F7
:1039C000072D02D1002F00D1012704990298087019
:1039D0000598067006980770284607B0F0BD037872
:1039E0000022032B14D1427813071B0F12068B7091
:1039F000120F4A7082788A80C3781B021A438A8029
:103A000000794206520F0007CA70000F08700522A5
:103A10001046704700288A6000D14A607047FFB5A1
:103A20000024E44381B0002549E0019800280FD02C
:103A3000029800283CD0039829010E18B06803F0C2
:103A4000ACF80146F068814223D30020F06034E0F6
:103A5000039829010E18706803F09FF80746029832
:103A6000002802D0B06803F098F8874201D9706846
:103A700003E00298002802D0B06803F08EF8F168E5
:103A80008142E2D9002918D0081AA04215D2044672
:103A900013E0002811D0B06803F07FF8F168081A2D
:103AA000A0420AD2B06803F078F8F1680C1A04E07A
:103AB000039900242A015118CC606D1CEDB20498C2
:103AC0008542B2D3204605B0F0BD884203DB904268
:103AD00001DC012070470020704770B51C46049B34
:103AE00015460E46052804D122462946304600F0E8
:103AF000EBF870BD10B5052801D0002010BD0846B8
:103B000000F014F910BD7047F0B585B0064650209E
:103B1000694608723079102828D13068C07B0028A7
:103B200024D1002503242F4601E0082C20D2306840
:103B3000691C405D00903268515C090208430090A6
:103B40003268A91C515C0197090408436421484369
:103B5000009005D068460390047403A800F044F870
:103B6000ED1C641CE4B2EDB2102CDED305B0F0BD48
:103B70006846009707720197F2E7881A40B200285A
:103B800000DA0020C0B2704700B585B00A49009144
:103B9000C031019141786A46117201785172817881
:103BA0009172C178D172416803918068049068462F
:103BB000FFF798FD05B000BD201D002010B501796C
:103BC000002903D0012905D0002010BD0168012281
:103BD000044803E0016803480122801CFFF7C3FD8D
:103BE000012010BD301E0020F8B5064600206946B1
:103BF0000870357904460746032D2BD3102D01D3C9
:103C00000320F8BD30680722007A00210007001762
:103C1000FFF75BFF002800D10124306808214156DE
:103C2000072208110021FFF750FF002800D10124CE
:103C30003068082141560A07121709118A4200DD2F
:103C400001240068694603F093FB002800D1012796
:103C50003C4201D00620F8BD002C01D00520F8BD63
:103C6000002F01D00420F8BD0C20094A68438018B9
:103C700004460C22316804F0E5FD68460078607265
:103C800004480122018AAA40114301820020F8BDA4
:103C9000201D0020201E002010B50178032901D22C
:103CA000002010BD0C20064B48430022C0180260C3
:103CB0004260826010220348FFF742FD10BD000001
:103CC000201D0020301E0020FFB583B01C46154685
:103CD000072800DB07206070F8F76CFBA07001205C
:103CE0002056104A072819D0810013461833595816
:103CF000105CFFF7CDFD06460B480F46406E80472F
:103D000021460C310834029100902B460194304634
:103D10003946049AFFF767FD07B0F0BD105CFFF766
:103D2000ABFDE8E7DC8E01081C8E010838B50546BE
:103D30000020694608700324686803F019FB002816
:103D400000D1022428780C21484306490A58002A49
:103D500001D1FD221440032C02D140186A68426050
:103D6000204638BD201D0020FF211531016001488B
:103D700070470000201D0020F8B50025424900953D
:103D80004C6D02462846002C01D1404C4C653E4902
:103D900040310B7E002B24D0184617787D21C900B6
:103DA00003263B0003F060FB376767676767676759
:103DB000676767292B2D3136383A3C3F41434667C8
:103DC0004D274F5154566767585B1F676767676792
:103DD00067676767676767675D5F66676766696D7F
:103DE00067000D76D9E7012010560021002801D088
:103DF000401EC1B248B200903DE04020FBE72020C9
:103E0000F9E701201056224939E0012020491056D7
:103E1000083134E00120EEE71E48ECE700912AE08B
:103E20007D200001E7E71C48E5E71C48E3E70120A7
:103E30008003E0E71A4804F039FE7D2109014018AB
:103E4000D9E7009417E01748D5E71648801CD2E759
:103E50001020D0E71448CEE78320C005CBE71348F5
:103E6000C9E70A48C7E71120694608700220487070
:103E70008D7000E000960098F8BD05490839085C8F
:103E8000B9E7F8F797FAB6E7E833002008E6D33346
:103E9000E48E0108B80B00008813000070170000C2
:103EA00018FCFFFF301E0020201D00209A990940B9
:103EB00070B594B00546502235496846ECF772F962
:103EC0002979344C00290ED001295BD0022908D170
:103ED0002968002905D0FF22E01F1532F93804F0C7
:103EE000B1FC14B070BD2B4850226946403804F034
:103EF000A9FC2749284848310A4608322CCA2CC058
:103F00000A4614322CCA2CC00A4620322CCA2CC0B5
:103F10000A462C322CCA2CC00A4638322CCA2CC075
:103F20000A4644322CCA2CC00A4650322CCA2CC035
:103F30000A465C322CCA2CC068310EC90EC0144926
:103F40008026BC310EC90EC011497838C8312CC941
:103F5000C3678267355080302CC9061D2CC62CC91A
:103F60002CC62CC92CC62CC92CC60EC934300EC088
:103F70000A480849408D608212310122881EFFF7ED
:103F8000F2FBAEE7208A618A08432082A9E700009D
:103F9000148F0108201E0020201D0020282F002043
:103FA000FFB58DB007240026694605468E853BE0A7
:103FB000686801A98019FFF712FD002837D0301872
:103FC000C6B2684601898185C0790724014304D0BF
:103FD000411E042901D9072801D3062424E0002129
:103FE000012306280CD06F461A46BF8D8A403A42FC
:103FF00016D00C222F4F4A43BA58002A0ED00FE099
:104000000C222C4F4A43BA58002A09D06F461A4650
:10401000BF8D8A403A436F46BA8501E06408640068
:10402000491CC9B21029DCD3287AB042C0D801207B
:1040300069460870687A88706846FFF79DFE694691
:104040000C74AA7A4A744A798A748A79CA740A7989
:104050000A75EA7A4A752A7B8A756A7BCA751022C4
:104060000A760BA9079108A9087007204870114922
:10407000099108A9087200204872286801AB0390D2
:104080009A1C1B3903A8FFF763FC072802D10A49D1
:104090004A8A0A8269464A790E990A7069468A797B
:1040A0000F990A7069460A7910990A7016990E706C
:1040B00011B0F0BD201D0020201E00203EB501687B
:1040C00003240A68002A0DD000910079694608711E
:1040D0006846FFF789FD002812D004280BD0052878
:1040E0000DD10AE000796946087202A8FFF7D4FDF5
:1040F000002804D004E0022402E0012400E00024AF
:1041000020463EBDFFB58BB00446002768460773C6
:1041100016460497294805970697012239460797BE
:104120000990FFF7DFFB254D103D002803D1288AB9
:10413000698A08432882606802F02FFD216888425E
:1041400022D30E981D4A0760A17A607A503A05235F
:104150000092FFF764FC03AA089004A80292019061
:10416000217A607A164B099AEDF789F8002815D064
:10417000411E002004F09AFC04A9095C0C9801700F
:10418000002037600FB0F0BD6946087B401C087303
:10419000606802F002FD2168081A08906846007BFA
:1041A000002803D0089830600B20EBE7288A698A42
:1041B000084328820C203760E4E70000301E00200E
:1041C000201D0020F3B50125314E044645574768B0
:1041D000F0688DB08047002802D000200FB0F0BDFD
:1041E000E07C002809D120780C21484329490F5848
:1041F00040184068002800D00746274840570A90DA
:1042000071693846884700200122072D24D00121FA
:104210000B91A17C06900892099107902189059045
:1042200089B20291082100900390049001911346F5
:10423000376AA17801200A9AB847607C012824D007
:1042400015480830405DF26D0D30C1B20B989047B3
:104250000E9805700120C1E700210B91A17C06900A
:104260000790099108902189059289B20291052150
:104270000A4A019100927D210A9AC9004A4303909B
:10428000049000230649376AD6E703481030D9E77F
:104290001C8E0108201D0020DC8E010885450100D0
:1042A00050C3000038B50546002069460870072451
:1042B000686803F05DF8002800D106240020285625
:1042C00007220021FFF701FC002801D1FD20044056
:1042D0000120285605220021FFF7F7FB002801D115
:1042E000FB200440204638BD10B503780C214B4319
:1042F000054942685B185B7A40781B015918C03148
:10430000FFF788FB10BD0000201D002070B50122C2
:104310000446825600780C210D4D48434019407ADE
:10432000C22100014019415602202056094BFBF7DB
:10433000ABFF21780C2251436D58A2686168FFF7EA
:10434000BDFA01460448A289436C2846984770BDCF
:10435000201D0020301E00201C8E0108F7B5012210
:10436000044682562F480C21855620782E4E48430D
:104370008019407AC22100018019415602208CB078
:1043800020562A4BFBF780FF0B9001202056F8F7B0
:1043900011F80A90A26861680B98FFF78FFA0990EC
:1043A00020780C2148433058214E71698847617844
:1043B0000020204A0123072921D0014605900690BC
:1043C00008920790082201930095049318460292E0
:1043D00003910127756A0A9B00220999A847F26D8B
:1043E000217B38469047F26A217B384690470E99E8
:1043F00008600D990B98087001200FB0F0BD0521E1
:10440000079002917D210027C900059008924D4335
:1044100006900493009501900390756A064A0A9BE2
:10442000DBE70000DC8E0108201D0020301E00208C
:104430001C8E0108B80B0000A86100000020C043DA
:10444000704710B5091F0B0003F00EF80B070B07A0
:10445000160707161616161416000023C356072251
:1044600002E00023C356052200211846FFF72DFB6A
:10447000002800D0012010BD002010BD10B5052877
:1044800001D0002010BD0846FFF76EFC10BD0246AB
:1044900010B50020052A02D10846FFF76DFC10BDBB
:1044A00010B5052802D10846FFF702FD10BD05280A
:1044B00001D00020704701207047F8B51C460E4619
:1044C000069B07991546052801D00020F8BD0091EC
:1044D000224629463046FFF763FDF8BD10B5052892
:1044E00001D0002010BD0846FFF7E8FD10BD70B5F3
:1044F0001C46049B15460E46052801D0092070BDB8
:10450000224629463046FFF7FDFD70BD10B50B462B
:10451000052801D0002010BD11461846FFF752FEB5
:1045200010BD10B5052801D0002010BD0846FFF7CA
:10453000B9FE10BD10B5052802D10846FFF7D4FE1C
:1045400010BD10B5052802D10846FFF7DFFE10BDEB
:1045500070B514460D46052801D0002070BD1A46DE
:1045600021462846FFF7FAFE70BD10B5052801D098
:10457000002010BD0846FFF761FF10BD10B50B46C7
:10458000052801D0002010BD11461846FFF759FF3D
:1045900010BD0000074A002091688860411E9068A5
:1045A000C1609068016141618161C16101624162E4
:1045B000D0680047981B00207CB5364C1121206F35
:1045C0004901002540180571206F8030C564FDF752
:1045D000DFFB206F0121FF3001300574206FFF30B9
:1045E000FF3002308175206FFF30FF300230C1751F
:1045F000206FFF30FF3002300576206FFF30013032
:104600004574206FFF30FF3002308183206F0279C4
:10461000C0300275206F4279C0304275206F25226C
:10462000125CE0304275206F0246C36A806AF8323D
:1046300009C2206F3022125CFF3001300270206FFF
:104640003122125CFF3001304270206F426BFF302C
:1046500001304260206F826BFF3001308260206F3A
:10466000FF30FF3002304576206FFF30FF300230E0
:104670008576684601710095206F69460078FFF7DE
:104680000FFF206FFF300130C574206FFF30013005
:1046900005757CBDA81800201CB5040005D0224873
:1046A000406D012803D001201CBD03201CBD2168E2
:1046B000002904D0A08882B21C4804F0C3F802206C
:1046C00069460871A068009018487438006F007837
:1046D000FFF7E6FEA06901F0A1FD002804D12069E2
:1046E000FCF730F9002801D011201CBDA06BFCF7AD
:1046F00043FA002801D012201CBD206AFBF7CEFE31
:10470000002801D013201CBDA06AFBF7E8FD00289B
:1047100006D0206BFBF79EFF002803D000201CBDB5
:1047200014201CBD15201CBDA81700201C1900203A
:1047300070B5092000F043FD0546062000F03FFD5E
:104740000404072000F03BFD00020443082000F0B1
:1047500036FD0443200A0102184A611A5143803190
:104760005043090A44180021092001F099FB3B201D
:1047700000F025FD4026304301463B2001F090FB30
:104780003B2000F01CFD8006FAD40D4800F066FEC8
:104790003B2000F014FD304301463B2001F080FB3C
:1047A0003B2000F00CFD8006FAD42946092001F0D8
:1047B00077FB204600F052FE70BD0000093D00006E
:1047C00000A1BC33044A002802D0D16B0020084766
:1047D000D26B0846104700001C8E0108FFB581B05F
:1047E0001D4616460446F8F78BFA314626464036F3
:1047F0000746002918D03BE0681C15D0002D04D0D6
:10480000F8F77EFAC01BA8420ED920684268E02162
:104810008A4342601CE0206802688A430260206884
:1048200002680A4302601CE020688168029888439D
:10483000E2D122E0681C1BD0002D04D0F8F760FA0A
:10484000C01BA84214D920684168E022914341600E
:104850002068026840218A430260A06AC901884238
:10486000D9D00120707400203074032005B0F0BD51
:104870002068816802988843DCD00020F6E7704702
:104880000149486070470000001000200120704777
:104890000E2801D980207047002070470148007918
:1048A0007047000034120020F3B5014600206D4A25
:1048B00087B000290BD001297ED10024506C2546F9
:1048C000072854D0082855D0092858D155E0654804
:1048D000C069EBF745FF074602910898EBF740FFE8
:1048E00006463020019100F06AFC4007800F02D09C
:1048F00000245D4D01E000242546272000F05FFCE8
:1049000058494007400F098C401C4018EBF728FF1E
:10491000544A203200929278012A21D00022524B30
:10492000EBF750FD22462B46EBF74CFD3246019B40
:10493000EBF748FD009A1279012A14D000221346A1
:10494000EBF740FD0322EBF7CFFE3A46029BEBF775
:1049500053FE0022454BEBF7E7FD04F0B3F87DE092
:1049600000221346DCE7002201239B07E8E700242E
:104970003F4D04E000243F4D01E03F4D0024976C83
:104980000120B840EBF7D8FE02460B4620462946E8
:10499000EBF732FE02460B4600203349EBF72CFEC4
:1049A000304E044640360D46F089EBF7D9FE002222
:1049B000324BEBF707FD00E052E022462B46EBF7C7
:1049C000B3FD03910290707B001DEBF7C9FE0191CE
:1049D0000090307B002800D00220381A8000EBF7CE
:1049E000BFFE049008980591C000B900401AB17C40
:1049F00009014118307C002800D01420081A1C300E
:104A0000EBF7AEFE059B049AEBF7F6FD03F0D4FB43
:104A1000019B009AEBF788FD002207460E461346DD
:104A2000EBF744FF02D23846314601E00020014650
:104A30000022134BEBF7C6FC22462B46EBF774FD26
:104A4000039B029AEBF7BEFC0022084BEBF76CFDD0
:104A50000C4A0D4BEBF7B6FC03F0FEFDEBF7E0FE66
:104A600009B0F0BD341200200000F03F00408F403C
:104A70008084FE4080840E4180841E4100001140ED
:104A8000000020402B8716D9CEF7EF3F0520704756
:104A900010B50348406840688047801C10BD000086
:104AA00000100020F8B51E4F1E4938601E4802F065
:104AB00080F81D481B49183002F07BF81A48194944
:104AC000303002F076F8786801680120884700F0FD
:104AD000C9FBFFF72DFE002000F038FD78688168E3
:104AE000384608308847114E002460002518705D54
:104AF00000F0F4FCA8198178407801F0D1F9641C29
:104B0000E4B2102CF1D3002000F0E8FC06490020AC
:104B100068390871786840688047801CF8BD0000DB
:104B200000100020B95001089C1200203C8D0108A3
:104B300010B586B014216846EBF74DFB0D48019087
:104B400002200D4C02906A4610212046FAF7C2FD61
:104B50006A4602212046FAF7BDFD6A460121204639
:104B6000FAF7B8FD01216A4649030448FAF7B2FD95
:104B700006B010BD000011100004005000080050E5
:104B800010B586B014216846EBF725FB1548FFF7F2
:104B900077FE15480190022002900320134C0390E9
:104BA0006A4610212046FAF795FD6A460221204602
:104BB000FAF790FD6A4601212046FAF78BFD0121A4
:104BC0006A4649030A48FAF785FD01200190002052
:104BD0000290012105206A4609030007FAF77AFDD1
:104BE00006B010BD2010002000001110000400507D
:104BF0000008005070B50E4D0446036800221021D5
:104C00002846FAF7A5FD0022022128466368FAF734
:104C10009FFD002201212846A368FAF799FD012192
:104C2000002249030348E368FAF792FD70BD0000D3
:104C30000004005000080050FFB581B01D46164624
:104C40000F460124019800F049FC384600F006FCAC
:104C5000052000F07BFC0120F7F76EFF01F097FFC5
:104C6000074606E0019800F0DBFAB04201DD0024BF
:104C700004E0384601F091FFA842F3D300F03AFF78
:104C8000204605B0F0BD0000F8B500266846067065
:104C9000894D2879012809D0022857D12846683043
:104CA00002F046F8687901287ED1F7E0687900289B
:104CB00018D001284AD14021122001F0F1F8122029
:104CC00000F07DFA6946087008787B4C8006403415
:104CD00000286ADA2021122001F0E2F8A07D0028E5
:104CE00076D083E0744C20342079012835D13F20E0
:104CF00000F065FA69460870087880072DD40B210A
:104D00003E2001F0CDF810213F2001F0C9F82046E7
:104D1000603002F00DF8A079002818D00D2000F0C6
:104D20004EFA402101430D2001F0BAF820467830B8
:104D300001F0C2FF61480068002803D00069002824
:104D400000D0804726746674AE876E87F8BD5A48D7
:104D5000983001F0EDFF2E71ECE7698F584F002974
:104D60000AD1A88F002807D1A078002831D032209E
:104D700000F025FA6887698FA88F091AC9B2C0198F
:104D800000F046FA688FA8874B48803001F0D0FFCA
:104D9000A079002823D00D2000F011FA4021014312
:104DA0000D2001F07DF801E07CE029E042489830D8
:104DB00001F082FF414800680028C3D08768002FB7
:104DC000C0D01222A256698F00233D48B847B9E7E8
:104DD0000BE0394801213A3000F01AFACBE73648A7
:104DE0002E71983001F0A4FFE4E72E713248803034
:104DF00001F09EFF314800680028A7D0006957E005
:104E0000192000F0DCF940B22B4F801C8010603775
:104E100038701A2000F0D3F900217956294A002968
:104E20000BDAAB68934203D9091800119D3802E0F0
:104E300009180011A438081809E0A968914203D99B
:104E4000011108189D3802E001110818A438608487
:104E5000132000F0B4F93871102000F0B0F90146C9
:104E60000D2001F01DF83979154800F0D1F9A07D29
:104E7000002800D12E711048803001F059FF0F48F2
:104E800000680028B9D08568002DB6D00023222202
:104E9000FB56A25E39790A48A847F8BD08211220BE
:104EA00000F0FEFF05482E7100680028F5D000686C
:104EB0000028F2D08047F8BD3412002000100020F6
:104EC0003411002040DD4A1F70B5304D2C462B793F
:104ED000EE1F6279618FA08FF93E2034012B11D033
:104EE000022B25D1002A23D10A1A2B469B8FE17F62
:104EF000304618188A4244DD00F0F8FFA88FE17FA1
:104F000040183CE0002A14D0012A11D11F488030FB
:104F100001F00EFF8021122000F0C2FF0020287156
:104F20001B480068002803D0C068002800D08047D4
:104F300070BD002908D1002806D1A078002813D020
:104F4000322000F03CF96887698FA88F0A1AA17F88
:104F50008A420FDB491EC9B2801900F059F9A88FA7
:104F6000A17F4018401E0AE0084801213A3000F0B5
:104F70004FF9E9E7D1B2801900F04AF904E0A887B7
:104F800070BDD1B200F0B2FF688FF8E73412002094
:104F90000010002070B5294E294C31460846327960
:104FA00040304979C07C012A04D0022A01D100296D
:104FB00002D170BD002916D00129FAD10128F8D1FB
:104FC0000221122000F06CFF20680028F1D0406917
:104FD0000028EED01C2000F0F2F821688006496914
:104FE000800E884770BD154C012520342574607CE7
:104FF0000028F7D12046783001F09AFE6574112020
:1050000000F0DDF840084042A0741B2000F0D7F803
:1050100005021C2000F0D3F80543280A0102094AC2
:10502000691A514380315043090A401870630C20BB
:1050300000F0C5F84009207670BD00003412002051
:1050400000100020093D000010B5124840790028EA
:105050001FD001281DD1122000F0B1F80E4CC0075E
:105060000BD00521122000F01BFF2068002810D073
:10507000816900290DD001200AE00421122000F0EE
:105080000FFF2068002804D08169002901D000208A
:10509000884710BD341200200010002005484079D8
:1050A000002806D103482030017C002901D10121CC
:1050B0000174704734120020F8B52E4F387901285A
:1050C0002BD0022828D100F0CDF8FFF731FB0020CB
:1050D00000F03CFA284E002460002518705D00F0B6
:1050E000FDF9A8198178407800F0DAFE641CE4B27A
:1050F000102CF1D3002000F0F1F91E484030007F61
:1051000000F052FA002038711C480068002803D0D3
:105110004068002800D08047F8BD7879002816D173
:10512000144C0025203425746574BD877D870B21C0
:105130003E2000F0B5FE10213F2000F0B1FEA07926
:1051400001280AD020463D71783001F0F1FD0B486E
:1051500000680028E0D0C068DBE70D2000F02FF8E1
:10516000402101430D2000F09BFE0248983001F0E1
:10517000A3FDECE7341200203C8D01080010002054
:1051800070B50025012000F0A9F9FF21112000F0E1
:1051900087FE052000F0DAF900240120F7F7CCFCA7
:1051A0002C2000F00CF8C007C00FA040641C054381
:1051B000E4B2202CF1D300F09DFC284670BD08B568
:1051C0000122694600F003F86846007808BDF8B58A
:1051D0000446012715460E46FF03052000223946E6
:1051E0000007FAF7D3FA6006400EFAF7E9FD00244B
:1051F00005E00020FAF7E4FD3055641CE4B2AC424F
:10520000F7D30520012239460007FAF7BFFAF8BDA7
:105210000A4610B501460020FFF7D9FF10BD000077
:1052200010B5002804D0012808D00020C04310BDCC
:105230001120FFF7C4FF4008404210BD074808494D
:105240008068884204D91B20FFF7B9FF9D3810BD44
:105250001B20FFF7B4FFA43810BD0000341200205B
:1052600040DD4A1F30B585B014216846EAF7B3FF28
:105270000120019003200E4D0024039002946A4601
:1052800001212846FAF726FA002201212846FAF7DA
:105290007DFA0120F7F750FC6A4601212846019467
:1052A000FAF718FA0620F7F747FC05B030BD000002
:1052B0000008005073B5394D064669790020002971
:1052C00002D0012966D128E00020A8876846334C27
:1052D000017969872034A078002809D0322000F0B5
:1052E000DFFD68460279501E3F2806D8E2770AE0C3
:1052F000012101A800F0FAFDF3E73146284803F048
:10530000A1FA2020E077E17F304600F0EFFDA88F82
:10531000E17F4018A887A86A3CE02048BE244030BE
:10532000407D012821D03320FFF749FF2040411C58
:10533000332000F0B5FD1D213B2000F0B1FD684693
:105340000179164860300171222000F0A9FD00218A
:105350000E2000F0A5FD00210D2000F0A1FD012090
:10536000FFF72DFF40070AD00EE03320FFF727FF9D
:1053700020400146332000F093FD1921DCE700F0C6
:10538000CBFB0120F7F7D8FB68460179304600F0E7
:10539000ADFDA86D00F0D2FB7CBD000034120020F2
:1053A0003411002070B504460920FFF708FF0C4DAA
:1053B000032C08D0002028700520012202210007BC
:1053C000FAF7E4F970BDC109064802D001220221B2
:1053D00001E001220421FAF7D9F90120287070BDFB
:1053E0003412002000080050F0B5052500270324E2
:1053F0002D07194E85B0002826D014216846EAF7FB
:10540000EAFE01946A460221284602970394FAF7BD
:1054100061F9002202212846FAF7B8F96A4602210A
:105420003046FAF757F9002202213046FAF7AEF972
:105430006A4604213046FAF74DF90022042130462D
:10544000FAF7A4F905B0F0BD14216846EAF7C3FEE7
:1054500001200190D6E700000008005070B5054615
:105460001048114E856031462846EAF741FE044651
:1054700030466043281A0002711040183146EAF79E
:1054800037FE210244182002010E062000F008FD1C
:105490002004010E072000F003FDE1B2082000F017
:1054A000FFFC70BD34120020093D000070B50D46B0
:1054B000044600F013F8002C04D0012C0AD1294630
:1054C000232005E004488078002803D129463220B3
:1054D00000F0E6FC70BD00005412002010B5044638
:1054E0000120FFF76CFE0106174801D5012100E0FD
:1054F00000214171C9B2A14224D04471012C0FD0C6
:1055000000F0F8FA0120FFF75AFE4106490E01208B
:1055100000F0C6FC0021402000F0C2FC30210EE06B
:1055200000F0E8FA0120FFF74AFE80210143012044
:1055300000F0B6FC0021402000F0B2FC0021412028
:1055400000F0AEFC10BD00003412002070B5154C08
:10555000050015D06068016801208847606801690E
:105560000020884760684169284688470120FFF786
:1055700026FEC108C9002943012000F091FC70BD3E
:105580000120FFF71CFEC108C900012000F088FCC3
:1055900060680169012088476068016800208847C9
:1055A00070BD00000010002010B504460120FFF778
:1055B00095FF0548002C047701D0342100E012212A
:1055C000392000F06DFC10BD7412002070B5274921
:1055D000497E081844B20920FFF7F1FD06464D2028
:1055E000FFF7EDFD0546E0B2FFF752F97106490EEF
:1055F000084370210843C1092AD0112C02DD07217C
:105600000D4302E0ED08ED002D1DE943490703D0ED
:10561000022C0CDA02240DE0052C01DA052402E04C
:10562000142C00DD142401090901641F05E0112C6C
:1056300000DD112401090901A41E2007000F014308
:10564000092000F02DFC29464D2000F029FC70BDFA
:105650000021C9438C4201DA0C4602E00E2C00DD29
:105660000E2401090901641CE7E70000283400202A
:10567000F8B5764D064668790027002802D0012843
:1056800025D125E0714C40202034A779FFF797FD04
:105690008107890F40200C3100F002FC4120FFF708
:1056A0008EFD3E2108400146C131412000F0F8FB4B
:1056B0003520FFF784FD8006800EA0771E210D2087
:1056C00000F0EEFB002020746074A88768877DE0FE
:1056D0005E4C4034607D012825D03320FFF76FFDFC
:1056E000BE210840411C332000F0DAFB1D213B2085
:1056F00000F0D6FB686C09287ED23120FFF75FFDF1
:105700004106490E312000F0CBFB0021302000F093
:10571000C7FB686C030001F0A7FE0910171E252CBB
:10572000333D3D3D41003320FFF749FD4121014319
:10573000332000F0B5FB1921D9E748212F2000F0D4
:10574000AFFB4349A86821E044212F2000F0A8FBCB
:105750004049A8681AE044212F2000F0A1FB3E49EF
:10576000A86813E044212F2000F09AFB3B49A86869
:105770000CE044212F2000F093FB3949A86805E094
:1057800044212F2000F08CFB3649A8684018FFF711
:1057900065FE03E040212F2000F082FBE07CA77D26
:1057A000012835D01F21112000F07AFB4020FFF79F
:1057B00006FD8106890E402000F072FB00210F20BB
:1057C00000F06EFB00210D2000F06AFBFF2101318B
:1057D0002548EAF700FD01202871002E08D01B485B
:1057E0003146803001F056FA1848803001F064FAF2
:1057F0006879002816D000E003E0002F21D00520B2
:1058000020E03120FFF7DBFC802101433120C3E79A
:105810001D21112000F044FB4020FFF7D0FC332174
:105820000140C8E70520FFF791FE002F08D1074887
:10583000E96A983001F02EFA0448983001F03CFAF9
:10584000F8BD0620FFF782FEF8BD000034120020EC
:10585000821E0000B4280000043D00005E510000DC
:10586000127A0000C6A2000034110020FFB585B0F6
:1058700014460F460646119DFFF730FE0F9930463D
:10588000090A974E0291002804D0012879D1022FED
:1058900079D9FEE77761F4610E98B06190482030C5
:1058A00085701299C17013990171169941711799F8
:1058B00081710F9830842046EAF752FF04460B4668
:1058C0000391224600208749EAF796FE0322EAF771
:1058D0000BFF019100901098EAF742FF019B009A9C
:1058E000EAF722FE0022804BEAF71EFEEAF798FF55
:1058F000F062224600207D49039BEAF77DFEEAF72D
:105900008FFF84B2210A022000F0CAFAE1B203201C
:1059100000F0C6FA3846F6F7A5FD0146122000F061
:10592000BFFA0E98F6F79EFD0146132000F0B8FA74
:105930002520029900F0B4FA0F98C1B2262000F099
:10594000AFFA002D01D0129900E0FF21322000F0C3
:10595000A7FA3020FFF733FC6F210840002D01D05B
:10596000002200E0802213991043090101433020F6
:1059700000F096FA3120FFF722FC4021014331204C
:105980008DE08EE0FFE75648FF1D554E4764846466
:105990004036089870730F98F081357412987074BF
:1059A0001398B0741498F074159830751698707533
:1059B0001798B0750C2C01D90C2402E0062C00D2EB
:1059C0000624072F02D0082F02D003E00B2C45D06D
:1059D0000C2C43D0002030731D20FFF7F0FB0899FA
:1059E0003801490008432843C1B21D2000F058FA8D
:1059F0001E20FFF7E4FB082108402101084313990A
:105A00008900084310998905890F0843C1B21E20F7
:105A100000F046FA2620FFF7D2FBF7210840317B41
:105A2000C9000843C1B2262000F03AFA1098C1B26A
:105A30001F2000F035FA2020029900F031FA0F986B
:105A4000C1B2212000F02CFA002D03D0222012999F
:105A500000F026FAF07C012802D00DE00120BAE720
:105A60004420FFF7ACFB80210143442000F018FAEA
:105A7000317D242000F014FA092F14D003213620A0
:105A800000F00EFA062C20D03120FFF798FBC10859
:105A9000C9003120C91C00F003FA0A21372000F0A8
:105AA000FFF909B0F0BD0E4811498068884205D958
:105AB0000221362000F0F4F9642104E002213620AE
:105AC00000F0EEF97F213A20DAE73120FFF777FB8B
:105AD000C108C9003120491D00F0E2F90C21DDE7C1
:105AE000341200200000F03F00408F4080847E414F
:105AF00040DD4A1F10B5074801F01AF9054818386B
:105B000001F016F90020FFF721FD0249002080393D
:105B1000087110BDB412002010B5074801F008F953
:105B20000548183801F004F90120FFF70FFD02497C
:105B300000208039087110BDB412002010B5014654
:105B4000264801F0A7F8254C683C6079002802D06F
:105B500001282CD119E04020FFF731FB8107890F84
:105B60004020103100F09CF94120FFF728FB3E2136
:105B70000140412000F094F93520FFF720FB810619
:105B80001648890E4838817711E014482838C07CBF
:105B9000012815D0F721112000F082F94020FFF7ED
:105BA0000EFB8106890E4020403100F079F9022079
:105BB00020710A4801F080F80320FFF7C7FC10BDF0
:105BC000F521112000F06CF94020FFF7F8FA33219D
:105BD0000840014640314020E7E700009C120020C9
:105BE000FFB581B01F460C460C9E0A9D0198FFF739
:105BF00075FC76484068C16820468847320A01999A
:105C000073480092002908D0012973D12246044626
:105C100040342270022F57D9FEE70473039947617D
:105C2000C56101616A49068420310D9A8A700E9A15
:105C30000A71119A4A71129981620398EAF790FDEC
:105C40000022644BEAF7D8FCEAF7EAFD84B2210AA5
:105C5000042000F025F9E1B2052000F021F92846E2
:105C6000EAF77EFD02460B4600205B49EAF7C4FCDA
:105C7000EAF7D6FD84B2210A022000F011F9E1B260
:105C8000032000F00DF92520009900F009F9F1B288
:105C9000262000F005F93020FFF791FA6F21084027
:105CA0000D99002901D0002200E080220E991043B6
:105CB00009010143302000F0F3F83120FFF77FFAAB
:105CC00040210143312071E0FF1D476485640B9939
:105CD0006173E6810D9921740F99E174109A227510
:105CE0000E9AA274119A6275129A82650C2D02D9CD
:105CF0000C2503E05CE0062D00D20625072F02D01C
:105D0000082F02D003E00B2D06D00C2D04D000206C
:105D10002073012902D00DE00120F9E74420FFF7AC
:105D20004EFA80210143442000F0BAF8217D24205E
:105D300000F0B6F81D20FFF742FA0B993801490030
:105D400008430D990843C1B21D2000F0A9F81E2098
:105D5000FFF735FA0B210840290108430E99890005
:105D60000843C1B21E2000F09BF82620FFF727FA57
:105D7000F7210840217BC9000843C1B2262000F06A
:105D80008FF82020009900F08BF8F1B2212000F06C
:105D900087F8062D0ED03120FFF711FAC108C9008F
:105DA0003120C91C00F07CF80A21372000F078F877
:105DB00005B0F0BD3120FFF702FAC108C90031205B
:105DC000491D00F06DF80C21EFE7000000100020E5
:105DD0003412002080844E4080847E4130B50D46D0
:105DE0007D21C9004A4389B01446FFF737FB0020E4
:105DF0000790069003900590019004904B20052198
:105E0000800100230291009008941A462946184602
:105E1000FFF7E6FE3120FFF7D2F9BF210140312024
:105E200000F03EF8F021402000F03AF8A021412097
:105E300000F036F82146074800F02CFF0549022003
:105E400068390871034800F037FF0320FFF77EFB35
:105E500009B030BD9C12002010B5012802D10520E8
:105E6000F6F76AFE10BD000010B50C4C60790028F2
:105E700012D0012810D1FA21112000F011F8402091
:105E8000FFF79DF981088900402000F009F8032000
:105E900020710720FFF75AFB10BD000034120020CC
:105EA00013B5012201A900F001F81CBDF8B50446A4
:105EB000012715460E46FF0305200022394600073C
:105EC000F9F764FC80202043F9F77AFF002404E00E
:105ED000305DF9F775FF641CE4B2AC42F8D30520DD
:105EE000012239460007F9F751FCF8BD0A4610B502
:105EF00001460020FFF7DAFF10BD0000F1B586B0C3
:105F00000027564C04970597206FFF300130007D25
:105F1000EBF78AF8E61FF93E706C0190216FD520EF
:105F2000405C6A461073FF201330405C112590736B
:105F30006D01481902790120002A27D06A46507362
:105F4000306C029045480A46BC380090FF32087811
:105F5000143204AB01A9FEF7CAFA002819D00B28A5
:105F600012D1069900290FD0049900290BD0706D29
:105F700020221043706539488438044600F08AFEB8
:105F8000204600F099FE002007B0F0BD6846477338
:105F9000D6E7206FF5210B56D5210A56FF21023195
:105FA000095C0078FDF781FB41B22C48D8223438D7
:105FB0000090206F1358DC22125C0078FDF78DFDF5
:105FC0002648D82120380090206FFC260B58DC2171
:105FD0000A5C31560078FDF780FD206F41191F4D96
:105FE0000979803D002906D005A8FAF7C7F90028ED
:105FF00008D01320C8E78030C16EAA6D8918696483
:10600000006F14E01648216FC77FD5200856059908
:10601000CEB2F6F76FFAB91981421CD8FF291AD807
:10602000206FAA6D8030416E89186964806EE96EB8
:106030004018A864FF21206F1431095CC030407DF6
:1060400000F03AF900289FD1206FFF300130C07C6A
:1060500000F0F2F998E7082096E70000A818002061
:10606000C8160020FEB51E4614460D46070005D092
:10607000002E03D0280703D00520FEBD0220FEBD60
:10608000F02200210F4802F0F5FB01A92046F6F7A7
:1060900013FA0090002812D101980A4A1021401CDE
:1060A00001F0E4FE002408E031193819054A01F036
:1060B000B3FE1034103DE4B2ADB2002DF4D100981F
:1060C000FEBD0000341E002010B57F2A01D303203E
:1060D00010BDEBF73BF810BD3FB585B01C460D0079
:1060E00008D00020062100900190029003907F2CA0
:1060F00003D00BE0022009B030BD002A02D0012AF3
:106100000BD003E06846807D002806D068782B78A5
:10611000000218437F2C02D005E00320EBE7102893
:1061200001D20846E7E76B4610212846FFF79AFFA1
:106130000028E0D1072C02D0042C05D00CE010225E
:1061400069460848084B04E0074B10220548694699
:10615000103BC01802F076FB6946204600F06EF84E
:10616000C9E70000E8250020E8090000E1218900D6
:106170000160014870470000341E002024490022BD
:106180000A73012211310A73022211310A730322A8
:1061900011310A73042211310A73052211310A7375
:1061A000062211310A73072211310A737F2311313C
:1061B0000B73802311310B73812311310B738223F5
:1061C00011310B73832311310B73842311310B7342
:1061D000852311310B73862311310B738723113102
:1061E0000B73882211310A73892211310A738A22B2
:1061F00011310A738B2211310A738C2211310A7307
:106200000449002802D00860002070470248FAE7DD
:10621000342000208810002057C2000810B5002844
:1062200007D0E12201469200034802F00BFB002058
:1062300010BD022010BD0000341E002010B5002942
:1062400017D0104B002214011419E418FF34FF3446
:106250000234247B84420ED1100110180A4AC0185F
:106260008018102202F0EEFA0848006880470020EB
:1062700010BD022010BD521CD2B2162AE3D3032057
:1062800010BD0000341E00200D0200008810002008
:1062900038B51D46144600280CD0002200926B46EB
:1062A0002A46EAF753FF002803D100998C4200D018
:1062B000012038BD022038BDF3B5154C81B0E51F73
:1062C0000020F93D00902F46207BFF3711370E4606
:1062D000002803D0042805D00320FEBD3846FAF775
:1062E000FBFA0CE06846FAF7D7FC002801D0122030
:1062F000FEBD3B46324601990098FAF731FB002873
:1063000001D01120FEBD207D28810020FEBD0000AF
:10631000A8150020FFB5454C1522216F8BB008460B
:10632000C030825609921422825608920A46803260
:10633000D36C079311235B01CB189C461B79002B70
:1063400006D0CB1DF9335E7C0025002E03D004E07F
:1063500007200FB0F0BD364E7564877AFF073F0EF9
:106360003E466F463E71077A012F08D0EF273E4028
:106370006F463E712F4E765C012E03D007E010274A
:106380003E43F5E73E7920273E436F463E71664621
:106390003668029601276E4637733679F7096E46DE
:1063A0007773D26C0492028AB282428AF282427D70
:1063B0003276007D70761878B07608780A46F076E6
:1063C000D43207AB02A8D531F9F762FF3179BF2289
:1063D00080011140014331710E9800900BA80DC847
:1063E00001A9FCF7BFFA060001D00A2E04D1002053
:1063F000FFF784FD060008D0216F0998C031487569
:10640000216F0898C03108750EE0206FFF30FF3013
:1064100002308576206F07998030C164FAF70AF858
:10642000002801D0132094E7304692E7A8180020F6
:10643000A81700201A02000070B586B0054600209B
:106440006B4618702D4C1D71216F2D4E0846C030C3
:10645000427D5A71007DFF31987101314868029088
:106460008868039030891882F9F727FF002802D046
:106470000E2006B070BD206FC030007A01280BD10D
:10648000F9F721FF002803D1F9F71BFF002801D0FD
:106490000F20EEE7F9F72DFF206F184B00780C3333
:1064A0006A4601A9FEF754F81449012020314873C7
:1064B000206FC030407D887368460078C873E563FC
:1064C000E06860636064F9F7FAFE002806D0E068CF
:1064D000F9F7FBFE002801D01020CAE7F9F7E9FE22
:1064E00008480222416D114341650748317A026B29
:1064F00003480A3090470020BBE70000A81800209E
:10650000A8140020A81700201C8E010838B50246E8
:106510000021684601700120FF2A17D11048024669
:106520000173F63A0261FF2202756A461170C41FB8
:106530004175F93C08221630616802F083F9084879
:1065400008221E30216802F07DF90020FFF7D6FCFA
:10655000044600F01CFB03498860204638BD00005B
:10656000A81500204C100020044906200875084694
:106570002030417B0822114341737047E818002006
:106580007FB50F496D460A6FD11DF931CB7C2B7059
:106590001346C0335C7D6C701B7DAB704B68019300
:1065A00089680291A88110786946FDF7CAFF0548FD
:1065B0000222416D11434165002004B070BD00000E
:1065C000A8180020A817002070B5144602460648F7
:1065D0000D46436C61B22846984704480222416D3B
:1065E00011434165002070BD1C8E0108A8170020D2
:1065F00038B5002468460094FAF74EFB002804D111
:106600000098FBF797FC002801D0002038BD124805
:10661000407B810710486038002908DB016FCA22DF
:10662000525C012A03D18031CA6C521CCA64016FCA
:106630000222FF3101310C74016FFF31FF31023151
:106640004C76006FFF30FF30023004760348416D16
:1066500091434165012038BD08190020A81700208A
:1066600038B51D4D04462A6F0320C032117A1B4BEA
:1066700000290AD0012925D0022905D1002C03D1F7
:106680001472586B8047002038BD012C1AD0022CA0
:10669000FAD11472286F0021FF30FF3002304176AA
:1066A000586B80470C48D82120380090286FFC2474
:1066B0000B58DC210A5C21560078FDF70EFAFCF736
:1066C00085F8E0E72046F9F715FE0028DCD1296FB0
:1066D000C0310C7238BD0000A81800201C8E0108C3
:1066E00010B5F6F733FE10BD0FB40CB500210191C3
:1066F000069A049989186A460091918A928B8918A2
:1067000009B26A4691807D22D200914205DB009B4E
:106710005B1C891A6A46009391800099019A06C011
:1067200002B008BC04B0184713B568460421415EA6
:106730000098F9F72DF9F9F70FFA1CBD10B588B0DC
:1067400000210446049105A80591F9F745F9049044
:1067500002A901A8F9F70CF90598009006A8049B76
:10676000029A0199FFF7C0FF0699079A06C408B07C
:1067700010BD000070B50C46334988B02EC9009199
:1067800032490126401801A92CC10025810C420C78
:10679000891804D02E4A6D185143401AF6E72C4947
:1067A000884202D3494240186D1C04AA05A9EAF7A1
:1067B00079FC049804AAC0B2206006A90598EAF7FB
:1067C00071FC04982449C0B260600698C0B2A06011
:1067D000204868434018410E20484843C01C8008A8
:1067E0002D1AE56128466161EAF782FC2061616942
:1067F0008A008A18D21C921092195219184E531CF2
:1068000073435B0DDE00F31AD21AA261CA17920F0E
:106810005218920892008A1A92006B46D218126897
:106820004300DA403D2358439207401C920F40102A
:10683000801A281A401C44316161E0600020C04386
:10684000206208B070BD00003490010880B8C30316
:1068500080510100DB660100DE580000B505000034
:106860004992040030B5054687B00020019002909F
:106870000C4602A8F9F7B0F8019002980090224661
:10688000294605A8019B00F00CF80699059804918B
:10689000039068461021415E0398F9F779F807B034
:1068A00030BD0FB40CB500210191069A0499891AE4
:1068B0006A460091918A928B891A09B26A46918040
:1068C000002907DA009A521E00927D22D200891810
:1068D0006A4691800099019A06C002B008BC04B0D3
:1068E0001847000030B593B014210EA8E9F773FCE7
:1068F00038216846E9F76FFC0220009001210A90D8
:10690000039180040C9000250001019510210D9049
:106910000B9504916846F7F761F8002801D0F5F768
:10692000D9FC1548816B020411438163134C206824
:106930000321C9028843511440182060F6F780FDF6
:106940000D48403001690122120411430161606861
:10695000C043C006FBD50F200E9003200F9010956A
:106960001195012112950EA8F6F726FF002801D0F7
:10697000F5F7B0FC13B030BD0010024000700040CD
:106980000E480168821511430160C1680C4A11402C
:10699000C16001680B4A11400160816849084900E3
:1069A000816001680122920491430160C168FD2267
:1069B00012049143C1600021016170470010024040
:1069C0000C40FF88F6FFF6FE10B50248F8F702FA11
:1069D00010BD00003C3B0020F0B502680124A40774
:1069E000134D144E144FA04205D0A84203D0B0421C
:1069F00001D0B84203D170239A434B681A43A04296
:106A000005D0A84203D0B04201D0B84204D103233C
:106A10001B029A43CB681A4380239A430B691A439B
:106A200002608A68C2620968816201214161F0BD29
:106A300000040040000801400014014010B501238B
:106A4000046A8B409C430462036A8A4013430362D6
:106A500010BD30B58468FF252D021B021343AC43E3
:106A60000B432343836030BD826870239A430A43FB
:106A700007210A438260704730B5026A520852000B
:106A80000262026A446883697025AB439B080D6803
:106A90009B001D4302239A438B6844601343856126
:106AA00049684163036230BD30B5026A10239A43DE
:106AB0000262036A4568826973242402A2430C6857
:106AC00024021443202293438A68456012011A432A
:106AD000846149688163026230BD30B5026AFF2378
:106AE00001339A430262026A4468C3697025AB436A
:106AF0009D080B68AD002B4301256D02AA438D68EC
:106B000044602D021543C3614968C163056230BD0D
:106B100030B5026A01231B039A430262036A456887
:106B2000C26973242402A2430C6824021443012284
:106B3000520393438A68456012031A43C46149684B
:106B40000164026230BD30B5036A046A64086400FF
:106B500004628469F025AC43120122430A24A34352
:106B60000B438261036230BD30B5036A1024A34336
:106B700003628369046A0F252D031203AB431A4392
:106B8000A0239C43090121438261016230BD10B5FD
:106B9000F8F7A4FFF9F702F910BD70B50546F8F74C
:106BA0009DFF04462846F9F703F9201AF9F7F6F88D
:106BB00070BD002202604260027242720261426154
:106BC000C160704710B5054A1168002901D0002343
:106BD0004B724161106000F047F810BD801000203A
:106BE00070B5F8F767FF0446F9F72AF8061B1C4C46
:106BF0002368002B31D01946002507E00268B24215
:106C000002D9921B026000E00560496948690028CA
:106C1000F4D1002B21D0586920601D72D968002959
:106C200001D0186907E0FEE7416921600572C1687B
:106C3000002913D000698847206800280DD0F8F794
:106C40003FFF0146206802689142EDD8002804D039
:106C5000417A002901D100F007F870BDFEE700007D
:106C600080100020007A704770B50446F8F720FFC6
:106C7000054601206072F8F723FF21684019884219
:106C800001D8084603E0F8F71BFF40192060F8F729
:106C900089FF70BD70B505460846F9F789F80446C6
:106CA000284600F045F8F8F703FF844200D2044676
:106CB0002C606C6070BD0000F8B50400EFF3108527
:106CC00072B62FD0194F014638680123024602E000
:106CD000884227D040690028FAD1606800262060E9
:106CE00023726672002A0CD0F8F7EAFE21680818B1
:106CF000206039680A68904206D22046FFF762FF9A
:106D000010E0F8F79DFFF8E74869002808D02268EE
:106D100003689A4201D90146F6E74C61606101E0DF
:106D20004C61666185F31088F8BD0000801000207A
:106D300070B5EFF3108472B6154D29680A1E24D081
:106D4000002822D0002606720B4681421BD1487AC9
:106D5000012804D0586900280BD0286015E04E7235
:106D60005869002803D02860FFF77EFF0DE0F8F790
:106D7000FFFF2E6009E0814203D14869506100287D
:106D800003E00A4649690029F5D184F3108870BDF3
:106D90008010002010B5818CC90707D001684A68AF
:106DA00001235B049A43836A1A434A60818C8907F2
:106DB00007D501684A6801231B049A43C36A1A4332
:106DC0004A60818C490707D501684A6801239B0402
:106DD0009A43036B1A434A60818C090707D50168FF
:106DE0004A680123DB039A43436B1A434A60818C50
:106DF000C90607D501688A6801231B039A43836B80
:106E00001A438A60818C890607D501688A68012344
:106E10005B039A43C36B1A438A60818C490612D57F
:106E200001684B6801221205046C934323434B60B5
:106E3000016C914207D101684A6803235B059A43BC
:106E4000436C1A434A60818C090607D501684A6879
:106E50000123DB04806C9A4302434A6010BD0000AA
:106E6000F8B500250446C566F5F74AFF07462068D1
:106E70000068124E000709D501213B460022490552
:106E80002046009600F0BFF900280DD12068006868
:106E900040070BD501213B4600228905204600967C
:106EA00000F0B1F9002801D00320F8BD20206034A3
:106EB0006072A07225720020F8BD0000FFFFFF0184
:106EC00010B5806A0022014640314A834A82F8F7B1
:106ED00005F910BD01680A68FF2321339A430A604F
:106EE00001688A68520852008A60202160308172ED
:106EF000704770B50246403201466031938B8D7AFF
:106F00000C460168222D05D088690822104388614B
:106F1000022070BD496A01268568360389B2B542F0
:106F200002D10569002D0BD01940436D5D1C4565EC
:106F30001970518B491E0904090C518307D015E0C3
:106F4000456D19402980416D891C4165F1E7016853
:106F50000A68FF2321339A430A6001688A6852084D
:106F600052008A602021A172F8F788FA002070BDD3
:106F7000FEB504462269A168E369114362691027DE
:106F8000002600681A43114302683546784B1A40C0
:106F90000A43026020684168032212039143E268B9
:106FA00011434160734A2168A069914201D0226A6D
:106FB00010438A680B231B029A4302438A606E4A7D
:106FC00020686E4990420CD1C8688007800F06D0B7
:106FD000012843D002283FD0032826D124E00127EE
:106FE00023E0674A90420AD1C8680C21084031D09A
:106FF000042833D008282FD00C2816D114E0614A79
:10700000904227D0604A904224D05A4A90420CD1F4
:10701000C8680321890208401CD01115401A1DD0F0
:10702000401A19D0884200D108270220F6F710FA3A
:107030000190504B514922684039D81300929A422E
:1070400035D1002F0CD0022F0DD0042F12D0082FD5
:107050001CD113E00027E8E70227E6E70427E4E76E
:10706000F6F75EFC08E00868C00601D5474805E071
:10707000474803E0F6F774FC002873D062685100BB
:107080005118814202D81103814201D2012569E0E1
:10709000010E06025008002330185941E9F752F852
:1070A000032109023B4A411A914259D9EEE7E269AC
:1070B00082422DD13B0000F0D7F90906080B2419B4
:1070C0002424241F2400019812E0F6F739FC0FE075
:1070D00008686168C00602D548082F4A01E02F4AB7
:1070E00048088018E9F704F886B20BE0F6F738FC98
:1070F000616840004A08F4E7616801224808120408
:10710000EFE70125310909013007400F084327E067
:107110003B0000F0A9F909070A0D061D060606291D
:107120000600B3E7F6F7FCFB14E0F6F709FC11E004
:1071300008686168C00602D54A08144801E014488E
:107140004A081018E8F7D4FF81B20098C16009E03E
:10715000F6F706FC61684A088018E8F7C9FF80B2B4
:107160002168C8602846FEBD61684A08E9E700005A
:10717000F369FFEF00480040003801404010024032
:1071800000440040004C00400050004000093D0019
:107190000024F400FFFC0F0000127A000048E80110
:1071A0006921095C212901D0022070470146403144
:1071B0004A8A002A12D0012382681B039A4202D114
:1071C0000269002A15D0C26C531CC364006812788F
:1071D0008262488A401E48820020704701680A681F
:1071E00080239A430A6000680168402211430160CD
:1071F000F2E7C26C03681288D205D20D9A62C26CA3
:10720000921CC264E5E7FFB581B01E4617460546ED
:107210000A9C1CE0601C1AD0002C04D0F5F770FD0D
:10722000801BA04213D928680168FF22A132914334
:107230000160286881684908490081602020603524
:107240006872A87200202872032005B0F0BD28687B
:10725000C1690298884304D00020B842DAD00020E7
:10726000F3E70120F9E7000010B50248F7F738FF0F
:1072700010BD00001039002010B50248F7F730FFAC
:1072800010BD00008039002008488169C907FCD181
:107290004168C90703D00649C1600649C160416819
:1072A0000322120411434160704700000020024095
:1072B000EFCDAB890504030210B50D4C0300A268A5
:1072C00000F0D2F808120507090B0D0F1112D1605A
:1072D0000AE0116108E0516106E0916104E0D161CA
:1072E00002E0116200E05162E068804710BD0000DA
:1072F000981B002010B51C4613462246FEF7C8FF17
:10730000002800D00C2010BDFFB5C7B0529F164614
:107310000C46050006D0FF200130844204D90B2022
:107320004BB0F0BD0720FBE7FF221132002103A87C
:1073300001F0A0FA519803A90090029101973146FB
:107340002046509B4A9AFBF7ABFA2246294607A8EB
:1073500001F078FA1034A1B2334603A8539AFEF72D
:1073600097FF0028DCD00128DAD00C20D8E70000F5
:1073700070B5054618480C46816A2846884700289B
:1073800027D01648164A2918022091421FD31549C2
:10739000154A6918914201D8002018E01349144A8F
:1073A0006918914201D8012011E01249124A691866
:1073B00091420CD9114851102818884201D8032055
:1073C00005E00F480F492818884203D80420207090
:1073D000012070BD002070BD1C8E010840AA8FCC1A
:1073E00080841E00C02571CCC0C62D00FF5E43CC3A
:1073F000BF270900A0B038CC20A1070040022ECC46
:10740000606E29CCE09304002021020C01D01021F1
:107410001046020A01D010460839020901D0104670
:10742000091F820801D01046891E420801D0881E1B
:107430007047081A7047F0B4040C8BB2264682B22B
:107440005E430D0C1046370C58433604801900215A
:10745000794116466E43370C360480197941264629
:107460006E438919F0BC704730B47446641E2578A9
:10747000641CAB4200D21D46635D5B00E31830BC68
:10748000184700004900CA020243100000D004203F
:107490004A0D01D001221043044A490D914201D105
:1074A00002210843012800D105207047FF07000092
:1074B0004100080200D004200A0E01D0012210432E
:1074C000090EFF2901D102210843012800D105201E
:1074D000704700008307FF22DB0E9A408907090EE0
:1074E0009940002808DB830809489B0018180368A6
:1074F00093430B43036070470007000F083883086D
:1075000004489B001818C36993430B43C361704739
:1075100000E400E000ED00E0F7B596B0144600216D
:10752000A160D160179909914D00CD496D088D4238
:1075300005DC179961602060002019B0F0BDC949D1
:10754000C94E8D4238DAD32709997F050029C74AE9
:107550001799334617DDE8F7D9FFB54206D0C44A7C
:10756000C44BE8F7D3FF6160206009E03A46C14BA5
:10757000E8F7CCFFC04AC14BE8F7C8FF6160206064
:10758000012019B0F0BDE8F71DFFB54206D0B84A9A
:10759000B84BE8F717FF6160206009E03A46B54B49
:1075A000E8F710FFB44AB54BE8F70CFF61602060C4
:1075B0000020C04319B0F0BDB1498D42179977DC66
:1075C000490049080746AF4AAF4B0491E8F7ACFFC2
:1075D0000022AE4BE8F7F6FEE9F7FEF80A90E9F76D
:1075E000ABF8A24A334603910290E8F79DFF3A4672
:1075F000049BE8F791FF06460F469D4A9D4B039971
:107600000298E8F791FF2A0D01250C9232463B467D
:10761000E8F782FF61602060032D39D04800410DFA
:107620000C98401A690169181139814230DA984979
:107630002801794408960D90081804974368026859
:1076400003990298E8F770FF02460B4607910690EF
:1076500004990898E8F75AFF06460F46049B089AD3
:10766000E8F75AFF079B069AE8F750FF059189490A
:10767000049079440D984018C36882680399029871
:10768000E8F752FF059B049AE8F740FF6D1CBDE741
:107690000998002809DA01226068D207504060602A
:1076A0000A9819B04042F0BD02E00A9819B0F0BD46
:1076B00009030122090B12050E90891817981091E1
:1076C00040007549400D40184111C006C00E0D9193
:1076D00013902021081A1490002006900525079089
:1076E000139800280D980CD0401982006B487844FC
:1076F000875813998F40101841681498C1400F4360
:1077000004E040198100664878444758109938468B
:10771000FFF791FE06460A9138460E99FFF78BFE59
:107720008A190A9B8A4201D2012100E00021C9186E
:107730008C46AF00694679188B684E68C31883423F
:1077400001D2012000E0002096193618002802D04E
:10775000964202D903E0964201D2012000E00020C7
:10776000624612184E6068468B60C25128466D1EF4
:107770000028B5DC0121029849074018800F1390BA
:10778000029805998000039E049D0B91E8F7D4FFB1
:10779000074630460891E8F7E3FF1D22D243E8F799
:1077A000A3FF10900F912846E8F7DAFF3D22D2435D
:1077B000E8F79AFF0E900D910B98E8F7D1FF5D2244
:1077C000D243E8F791FF0B910C900D9B0E9AE8F7CE
:1077D000F9FD0F9B109AE8F7F5FD3A46089BE8F78C
:1077E000F1FD00250E463A462846089BE8F78EFE36
:1077F0000F9B109AE8F78AFE0D9B0E9AE8F786FE1B
:107800000B9B0C9AE8F788FE264A274BE8F78CFE7C
:1078100007460D91254A264B31462846E8F784FE57
:107820003A460D9BE8F7CEFD0F4615220C909206C6
:107830001D4B31462846E8F777FE3B460C9AE8F7A1
:10784000C1FD179A002A05DA139A524213920122B7
:10785000D207514061602060139819B0F0BD00005C
:10786000FB21E93F7CD90240FB21F93F0000405455
:107870003163621A61B4D03D7370032E8A19A33B41
:10788000FB21394183C8C96D305FE43F0000E03F10
:10789000AA1D00006A1D00000BFCFFFF1E1D00005A
:1078A000041D0000182D4454FB21F93D3326A61178
:1078B000460B113CF0B51FB44E00F9207608800548
:1078C00084B00F46864204DA0498E8F785FF002862
:1078D00038D0049A3B4610461946E8F725FE044680
:1078E00002462C480D460B460621784400F05CF811
:1078F00022462B46E8F718FE019100903946079B77
:10790000069A0498E8F710FE074602912046294699
:10791000019B009AE8F708FE3A46029BE8F7F6FD5D
:10792000074600220091D24320462946E8F7DCFEB4
:10793000194A96420ADA3A46009BE8F7E7FD002228
:10794000164B23E00020154909B0F0BD144A9642B9
:1079500002DD0024134D03E001225205B51A002474
:1079600022462B46E8F7D2FD0646019122462B46D9
:1079700000200A49E8F7CAFD0D4604463A4630465B
:10798000009B0199E8F7C2FD22462B46E8F7C4FDAB
:1079900009B0F0BDC21A00003333D33F0000F03FFE
:1079A0000000E93F0000D23FF8B504464F1EC80072
:1079B0000838211815461E46086849683A460623C5
:1079C0009A4310D02A463346E8F7AEFD3A46D20035
:1079D000083AA3181A687F1E5B68E8F7F3FC0622D2
:1079E0003B469343EED1022F23D0042F11D0062F14
:1079F0002FD12A463346E8F797FDE36AA26AE8F7F3
:107A0000E1FC2A463346E8F78FFD636A226AE8F70D
:107A1000D9FC2A463346E8F787FDE369A269E8F70F
:107A2000D1FC2A463346E8F77FFD63692269E8F70F
:107A3000C9FC2A463346E8F777FDE368A268E8F711
:107A4000C1FC2A463346E8F76FFD63682268E8F711
:107A5000B9FCF8BDF0B51FB4054648000C46F92145
:107A60004008890586B088420BDA28462146FFF790
:107A700009FD042801D100F071F8284621460BB019
:107A8000F0BD2A46234610461946E8F74DFD064646
:107A90000F462A462346E8F747FD00902548019106
:107AA00032463B4605217844FFF77EFF029010984E
:107AB0000391002829D0204A204B01990098E8F72B
:107AC00033FD0490059168460FC8E8F72DFD0022AC
:107AD00001910090D24309990898E8F705FE019BAF
:107AE000009AE8F713FD32463B46E8F71DFD099B77
:107AF000089AE8F70BFD059B049AE8F707FD2A466C
:107B00002346E8F709FD0BB0F0BD0B463046394679
:107B1000029AE8F709FD084A084BE8F753FC019B75
:107B2000009AE8F701FD2A462346E8F74BFC0BB024
:107B3000F0BD0000FE190000495555555555C5BF0B
:107B400010B50122E8F7D0FD10BD002210B5134694
:107B500010461146E8F750FD10BD0000034A10B56D
:107B600000201107E8F7C0FD10BD000001FDFFFF78
:107B700010B5E8F752FB10BD5E2110B5C9430807E8
:107B8000E9F744F810BD02E008C8121F08C1002A36
:107B9000FAD170477047002001E001C1121F002A8E
:107BA000FBD1704701490860704700003011002088
:107BB000F0B505460C4648008849400885B0884223
:107BC00021DB4942411829430CD08549884203DC16
:107BD000884211D1002D0FD028462146FFF7B0FF73
:107BE00005B0F0BD002C03DD0020014605B0F0BD5E
:107BF0007C487D4905B0F0BD0120FFF7D3FFFFF7BA
:107C0000A4FF05B0F0BD794988423FDA784988423F
:107C100003DC7448774905B0F0BD2A462346104678
:107C20001946E8F781FC0646024673480F460B46A4
:107C300006217844FFF7B8FE32463B46E8F774FC6D
:107C400000906E48019132463B4604217844FFF78C
:107C5000ABFE32463B46E8F767FC00225F4BE8F795
:107C6000B1FB02460B4601990098E8F7C5FC2A468D
:107C70002346E8F759FC624A624BE8F74DFC2A4676
:107C80002346E8F749FC574A5A4B4AE00027FF438E
:107C9000002C4ADA514E0022334628462146E8F7A6
:107CA00091FB3A46E8F720FD0446024656480D4649
:107CB0000B4606217844FFF777FE22462B46E8F76D
:107CC00033FC00905148019122462B460421784410
:107CD000FFF76AFE22462B46E8F726FC00223346D1
:107CE000E8F770FB06460F462046294600F0BAFF2B
:107CF00004460D4632463B4601990098E8F77CFC65
:107D000022462B46E8F710FC3D4A3E4BE8F7FEFBC7
:107D100022462B46E8F756FB0122E8F7E5FC314AFC
:107D2000314BE8F7F9FB05B0F0BD00222B4B28469C
:107D30002146E8F7F1FB3A46E8F7D6FC05460E4641
:107D400000F090FF00270C463A460B460490E8F7F7
:107D500039FB3A4623460191009010461946E8F750
:107D6000E3FB33462A46E8F7D7FB019B009AE8F786
:107D700043FC00902648019133462A460621784468
:107D8000FFF712FE33462A46E8F7CEFB0290214861
:107D9000039133462A4604217844FFF705FE334613
:107DA0002A46E8F7C1FB00220C4BE8F70BFB024622
:107DB0000B4603990298E8F71FFC2346049AE8F75C
:107DC000B3FB019B009AE8F7FDFA3A462346E8F731
:107DD000F9FA0122E8F788FC05B0F0BD0000F03F99
:107DE0000000F07F182D4454FB2109400000E03FC3
:107DF0000000603CFB21F93F2A17000040170000FB
:107E0000075C143326A6913CA8160000BE1600009D
:107E1000DE150000F4150000F0B50F4616460146C9
:107E2000E036307C85B0154600281CD0684600F04E
:107E300063FB012408E000F027FD21016846491991
:107E400000F03AFF641CE4B2307CA0426846F2D8ED
:107E500000F086FE200142196946384600F04CFBCE
:107E6000002005B0F0BDFF20FBE70000F7B584B0AF
:107E7000069B0599E033102908D0182906D020293F
:107E800004D000201874FF2007B0F0BD069A03E06C
:107E900004781470401C521C0C46491EC9B2002CB8
:107EA000F6D1059880007030C0B203900009401EE2
:107EB00018740120059C019049E006980019029071
:107EC0002038057F417F0091877FC67F2046059936
:107ED000E8F70EF9002905D0059818281ED91029B1
:107EE00015D01BE01C48009A2946855C019A554034
:107EF000C25D0092875D465C01980199FF224000B7
:107F0000C9091C3251434840C0B2019006E01248F2
:107F10000099455D415C0091C75D865D05980699B5
:107F2000201AC0B2095C069A694011550699009A58
:107F3000081841785140029A51708178029A79402C
:107F40009170C07802997040241DC870E4B2039803
:107F50008442B2D3002097E744900108F0B50C4664
:107F600001461D224B00D2069F18E526054636061F
:107F7000620087B02046B7427DD21D27FF06D71981
:107F8000B74278D24F0043003E0E1A0EB21A1B2A97
:107F900007DD002902DA754807B0F0BD744807B064
:107FA000F0BD1A26F24217DA002807DA002902DAB1
:107FB000704807B0F0BD704807B0F0BD21462846B4
:107FC000E8F7C1F90446FFF773FA042801D1FFF777
:107FD000D3FD204607B0F0BD9F4211D9002902DA37
:107FE000664F674E01E0674F674E23462C461D469D
:107FF00001220346D20708465440504019460BE080
:10800000002807DA002902DA604F614E04E0614F70
:10801000614E01E000263746421A012352001B063A
:108020009A4230D248405D490BD5BF2000060390EC
:108030003846E8F743F9074659493046E8F73EF92C
:108040000AE03F20000603903846E8F7E6F80746C6
:1080500053493046E8F7E1F8064628460399E8F721
:1080600035F92146E8F7D9F8009021460398E8F75A
:108070002DF9294600E03AE0E8F724F90099E8F7FD
:1080800062F9044604E021462846E8F75CF9044614
:108090000146E8F71BF943490090E8F717F9424910
:1080A000E8F7BBF80099E8F711F94049E8F7B5F8A7
:1080B0000099E8F70BF93E49E8F7AFF80099E8F7BF
:1080C00005F93C49E8F7A9F8054620460099E8F784
:1080D000FDF82946E8F7FAF83146E8F79EF8214618
:1080E000E8F79BF83946E8F798F807B0F0BDFF26A7
:1080F0003606B34201D8B24205D901462846FFF7F9
:1081000037FD07B0F0BD2F4607437F000AD0B342CA
:108110000CD1B2420AD101229207904391430D46FD
:1081200004462FE7FF22D2051043F9E7B34208D0F7
:10813000460006D05340F4D4002A08DB9F26F605FB
:1081400007E0FF22D2051143E00FC0071AE75F26C0
:10815000F60531462846E8F7B9F805463146204687
:10816000E8F7B4F8044629460CE70000DB0FC9BF66
:10817000DB0FC93FDB0F49C0DB0F49400000C9BF1F
:1081800022AAFDB90000C93F22AAFD39000049C05A
:1081900022AA7DBA0000494022AA7D3A0060ED3E45
:1081A000C30ACE372DAD65BD8FB8D53D0FB511BE15
:1081B00061C84C3EA8AAAABEF8B54A002B4B520D86
:1081C000D6182B4A0C460546142E2BDA002E12DA4E
:1081D000284BE8F7F7F800221346E8F767FB40D290
:1081E000002C03DA0124E40700253AE02046284366
:1081F00037D0214C14E0214F0B46F7403B402B4336
:1082000031D01C4BE8F7DEF800221346E8F74EFBAE
:1082100027D2002C03DD01200005F0400419BC43E7
:1082200000251EE0332E1EDC33460027143BFF439F
:10823000DF40384217D00F4BE8F76EF900221346A3
:10824000E8F734FB0DD2002C0ADD142E0CD03420BC
:10825000811B012088404019A84200D2641C0546B9
:10826000BD4321462846F8BD641CF9E701FCFFFF29
:108270009C7500883CE4377E0000F03FFFFF0F0054
:1082800002488188491C8180704700009C140020AE
:10829000034901228A71027ACA71407A08727047D2
:1082A0009C14002001480078704700005C140020F6
:1082B000F3B5634C0027227821460126614D4031F9
:1082C0008BB0002A0AD08268127862701300FFF720
:1082D000CBF8083C4A4E505364697EAE027B042AB8
:1082E00074D180680278012AFAD14278012AF7D144
:1082F0008278012AF4D1C0780128F1D138462F467E
:1083000028700225E57088808871C871087226700F
:10831000667068460570F9F797F8684600797870D6
:10832000684605700671F9F70BF90020F9F712FE9F
:10833000434845491838FEF73CFC41484349183842
:10834000FEF7A8FC00F084F871E08F80277002200F
:1083500069460870687808716846F9F7F1F80120F5
:10836000F9F7F8FD63E00220E0700DB0F0BD2E706B
:1083700000E02F706670F8E7017BE1700421217145
:10838000012106E082686318525C521C491C1A7174
:10839000C9B2E2788A42F5D849E0032069460870FC
:1083A000684610E08F80277002206946087468785C
:1083B000087504A8F9F7C4F869460F700C9801AB6A
:1083C00007C807C36846F9F771FA30E032E0017B6D
:1083D000032902D007290CD028E004216A46117035
:1083E0008068817842780802104340BA6A469080DB
:1083F00019E005216A46117081688A784B7811026C
:10840000194349BA6A4691808168CA780B79120487
:108410001B0249791A430A4364214A430292806845
:108420006A46807910731046F9F740FA6670207832
:1084300000289AD102481838FEF77AFC95E7000028
:108440005C140020471000208525010888130000D7
:1084500070B527480025817904460126403C86B046
:10846000012905D0617801290DD0042911D108E036
:1084700085710321E17005212171C1796171007A53
:10848000A071667005E00221E1708088010A217107
:108490006071E07804A9F9F723FC002805D068464C
:1084A00005700295858185730FE01248E0210278FE
:1084B0000F483C38002A6A4613D016701171E178D3
:1084C000918102900820D073957309485838FEF7BF
:1084D000F3FB6846F8F708FF002800D0012006B03B
:1084E00070BD15701171E17891810290ECE7000088
:1084F0009C1400204710002010B50B7814786340BE
:1085000003704B785478634043708B789478634061
:108510008370CB78D4786340C3700B79147963404F
:1085200003714B795479634043718B79947963403B
:108530008371CB79D4796340C3710B7A147A634029
:1085400003724B7A547A634043728B7A947A634015
:108550008372CB7AD47A6340C3720B7B147B634003
:1085600003734B7B547B634043738B7B947B6340EF
:108570008373C97BD27B5140C17310BD0A780270EE
:108580004A7842708A788270CA78C2700A79027119
:108590004A7942718A798271CA79C2710A7A027201
:1085A0004A7A42728A7A8272CA7AC2720A7B0273E9
:1085B0004A7B42738A7B8273C97BC1737047000018
:1085C00000B54A00224B520887B09A4202DC0022D2
:1085D000134625E01F4B9A4208D1002808D10120FC
:1085E000FFF7E0FAFFF7B1FA07B000BD9A4203DBEC
:1085F000FFF7A6FA07B000BD02AAFEF78DFF8107BC
:10860000890F0BD0012001290ED0022916D000902D
:1086100002A80FC8FFF71EFA07B000BD02A80FC8D6
:10862000FFF748F907B000BD009002A80FC8FFF798
:1086300011FA0122D207514007B000BD02A80FC8AD
:10864000FFF738F90122D207514007B000BD000002
:10865000FB21E93F0000F07FF8B54A002B4B520D9B
:10866000D6182B4A0C460546142E2BDA002E12DAA9
:10867000284BE7F7A7FE00221346E8F717F940D288
:10868000002C02DB002425463BE060004008284324
:1086900037D0214C14E0214F0B46F7403B402B4391
:1086A00031D01C4BE7F78EFE00221346E8F7FEF8A8
:1086B00027D2002C03DA01200005F0400419BC4346
:1086C00000251EE0332E1EDC33460027143BFF43FB
:1086D000DF40384217D00F4BE7F71EFF002213464A
:1086E000E8F7E4F80DD2002C0ADA142E0CD034206E
:1086F000811B012088404019A84200D2641C054615
:10870000BD4321462846F8BD641CF9E701FCFFFF84
:108710009C7500883CE4377E0000F0BFFFFF0F002F
:1087200010B5002823D0124B0022001F196803E067
:10873000814203D80A4649680029F9D1002A0AD0A3
:108740001368841A9C4204D10068181810601046FF
:1087500002E0506000E01860002907D002680B1AA0
:10876000934203D10B68D21802604968416010BD82
:108770002811002010B5002804D01022002100F09C
:1087800079F8012010BD0021425C002A01D00020B0
:108790007047491C89B21029F6D301207047E8F7C9
:1087A000E9FFE9F74BFAFCE7F0B50B30C108C90067
:1087B000144F0026144A0FE003688B420BD38B4200
:1087C00005D95C1A4318456830C3083B00E043688C
:1087D000136002C004E0021D10680028ECD130468E
:1087E000002803D13868002801D00020F0BD064AD7
:1087F00006481060064A121AD208D20044C001206E
:108800003860D7E72C110020281100209C3C002064
:10881000983E002010B50023094C03E05B1CDBB23E
:108820000F2B0AD0180100190830FFF7ACFF002801
:10883000F4D018010019083010BD002010BD000050
:10884000D81B002003E00B780370401C491C134622
:10885000521E92B2002BF6D170478018401E03E0E2
:108860000B780370401E491C1346521E92B2002B17
:10887000F6D1704701E00170401C1346521E92B2BF
:10888000002BF8D1704700007FB5044601466846CA
:10889000FFF774FE6D4679492878CA1D0B5C68792C
:1088A000F932105CAD7A4340C81FF938465D6D4619
:1088B000ED7B455D6E40734023706D462B786D797E
:1088C000C35C4D5D6B406D46AD7A565D6D46ED7B8C
:1088D000455D6E40734063706D462B786D79C35C67
:1088E000455D6B406D46AD7A4E5D6D46ED7B555DE9
:1088F0006E407340A3706D462B786D79D35C455DF7
:108900006B406D46AD7A465D6D46ED7B4D5D6E40CC
:108910007340E3706D462B796D7ACB5C555D6B408F
:108920006D46AD7B465D6D46ED78455D6E407340AE
:1089300023716D462B796D7AC35C4D5D6B406D463E
:10894000AD7B565D6D46ED78455D6E40734063715D
:108950006D462B796D7AC35C455D6B406D46AD7B92
:108960004E5D6D46ED78555D6E407340A3716D466A
:108970002B796D7AD35C455D6B406D46AD7B465D72
:108980006D46ED784D5D6E407340E3716D462B7A18
:108990006D7BCB5C555D6B406D46AD78465D6D463D
:1089A000ED79455D6E40734023726D462B7A6D7B89
:1089B000C35C4D5D6B406D46AD78565D6D46ED799F
:1089C000455D6E40734063726D462B7A6D7BC35C70
:1089D000455D6B406D46AD784E5D6D46ED79555DFC
:1089E0006E407340A3726D462B7A6D7BD35C455D00
:1089F0006B406D46AD78465D6D46ED794D5D6E40E0
:108A00007340E3726D462B7B6D78CB5C555D6B409C
:108A10006D46AD79465D6D46ED7A455D6E407340BD
:108A200023736D462B7B6D78C35C4D5D6B406D464B
:108A3000AD79565D6D46ED7A455D6E40734063736A
:108A40006D462B7B6D78C35C455D6B406D46AD79A3
:108A50004E5D6D46ED7A555D6E407340A3736D4675
:108A60002B7BD25C6B78C35C5A40AB79C05CEB7AF1
:108A7000C95C48404240E2737FBD00004491010858
:108A800010B50649064A08685043064A801808602F
:108A90000549E7F72DFB084610BD000084100020B3
:108AA0006D4EC64139300000FFFFFF7F70B50D46A7
:108AB0000446FFF7E5FF291B491CE7F72FFB0819C0
:108AC00070BD0000F0B513B406460199E8F74EF802
:108AD00004460D4602460B4630460199E7F716FD5F
:108AE000064601981B4B0F4600280CDA0022304640
:108AF000E7F7C8FE0CD90022174B30463946E7F796
:108B0000D5FE1DD214E000223046E7F7BBFE08D2A6
:108B10000022124B20462946E7F7F8FC04460D4692
:108B20000EE000220C4B30463946E7F7BFFE07D86F
:108B300000220A4B20462946E7F744FC04460D462E
:108B4000019A69004908D20FD2072046114303B0A9
:108B5000F0BD00000000E0BF0000E03F0000F03F7B
:108B6000027818498A5C027002798A5C0271027A82
:108B70008A5C0272027B8A5C027343794278CB5C26
:108B80004370437ACB5C4371437BCB5C43728A5C1A
:108B90004273837A8278CB5C83708A5C8272837B37
:108BA0008279CB5C83718A5C8273C37AC27BCB5C33
:108BB000C373C379CB5CC372C378CB5CC371895C6C
:108BC000C17070474490010800B54A00234B520819
:108BD00087B09A4203DC00221346009229E0204B22
:108BE0009A4208D1002808D10120FEF7DBFFFEF7EA
:108BF000ACFF07B000BD9A4203DBFEF7A1FF07B050
:108C000000BD02AAFEF788FC8107890F0120002918
:108C10000CD0012911D0022915D002A80FC8FEF7E7
:108C200049FE0122D207514007B000BD009002A8C2
:108C30000FC8FEF70FFF07B000BD02A80FC8FEF770
:108C400039FE07B000BD009002A80FC8FEF702FF72
:108C50000122D207514007B000BD0000FB21E93FCF
:108C60000000F07FF8B506460C46E7F72DFF051E1D
:108C70000F4600D00120014349000B484908411A22
:108C8000C90F0DD0002E01D0012100E000210C43BE
:108C900061004908401AC00F02D10120FEF782FF8F
:108CA00028463946F8BD00000000F07F0149086001
:108CB000704700008410002002780B785A40027040
:108CC00042784B785A40427082788B785A40827052
:108CD000C278CB785A40C27002790B795A4002713F
:108CE00042794B795A40427182798B795A4082712C
:108CF000C279CB795A40C271027A0B7A5A40027219
:108D0000427A4B7A5A404272827A8B7A5A40827205
:108D1000C27ACB7A5A40C272027B0B7B5A400273F2
:108D2000427B4B7B5A404273827B8B7B5A408273DF
:108D3000C27BC97B4A40C27370470000000C23000D
:108D40000D1E000ED2001A01001FAA0024070027E2
:108D5000120028C1002994002AC10030D800358FA4
:108D6000003B02004000004130012340280A00007F
:108D7000170000001C0C00000F0000003C0F00005A
:108D80000700000050140000160000009C180000AE
:108D90000E000000781E000006000000A028000061
:108DA00015000000D43000000D000000F03C000071
:108DB000050000004051000014000000A861000000
:108DC0000C000000447A000004000000E4A200004F
:108DD0001300000050C300000B00000024F400004A
:108DE000030000008545010012000000A08601007C
:108DF0000A00000048E80100020000002C8B02007D
:108E000011000000400D03000900000090D0030095
:108E100001000000E093040000000000814B010805
:108E2000314B0108A54A01089D480108DD5401089D
:108E30005D540108394C0108815101086D58010841
:108E4000E15B01088D480108A9480108B5520108F5
:108E5000F55A0108195B010871560108695E01089D
:108E6000DD5D010821520108A15E0108BF51010822
:108E7000AD5E0108CF510108AD540108A9550108A4
:108E8000914A0108000000000000000000000000FE
:108E900000000000000000000102030406070809AA
:108EA000030406080C101820300000000001020323
:108EB000041F1C1F1E1F1E1F1F1E1F1E1F1F1D1FE6
:108EC0001E1F1E1F1F1E1F1E1F080A0C0D0E101234
:108ED0001415181A1B1D1E21240A05080C0B0A095B
:108EE0000807073233333373F2F2F2F2333333735A
:108EF000DEDEDEDE48E8010048E8010048E8010067
:108F000048E8010048E8010048E8010090D003006B
:108F100000000000640000000000000000000000ED
:108F200000000000640000000000000000000000DD
:108F300000000000E8030000000000000000000046
:108F4000000000000A000000000000000000000017
:108F500000000000640000000000000000000000AD
:108F600000000000A027BE330000000050010000F8
:108F7000E034C13300000000500100002042C4333F
:108F8000000000005001000060E5AE33000000006A
:108F900050000000A0F2B1330000000050000000BB
:108FA000E0FFB4330000000050000000200DB83393
:108FB0000000000050000000601ABB3300000000F9
:108FC00050000000607B963300000000500000005D
:108FD000A08899330000000050000000E0959C3309
:108FE000000000005000000020A39F33000000009C
:108FF0005000000060B0A2330000000050000000EC
:10900000A0BDA5330000000050000000E0CAA83356
:10901000000000005000000020D8AB33000000002A
:109020005000000050554400A0AA9900A0AA990041
:10903000A0AA990050554400A0AA9900A0AA99009E
:10904000A0AA9900637C777BF26B6FC53001672B18
:10905000FED7AB76CA82C97DFA5947F0ADD4A2AF2C
:109060009CA472C0B7FD9326363FF7CC34A5E5F13A
:1090700071D8311504C723C31896059A071280E2E8
:10908000EB27B27509832C1A1B6E5AA0523BD6B33C
:1090900029E32F8453D100ED20FCB15B6ACBBE39AC
:1090A0004A4C58CFD0EFAAFB434D338545F9027F98
:1090B000503C9FA851A3408F929D38F5BCB6DA2151
:1090C00010FFF3D2CD0C13EC5F974417C4A77E3D7D
:1090D000645D197360814FDC222A908846EEB814D3
:1090E000DE5E0BDBE0323A0A4906245CC2D3AC6296
:1090F0009195E479E7C8376D8DD54EA96C56F4EAA1
:10910000657AAE08BA78252E1CA6B4C6E8DD741FB1
:109110004BBD8B8A703EB5664803F60E613557B974
:1091200086C11D9EE1F8981169D98E949B1E87E92E
:10913000CE5528DF8CA1890DBFE6426841992D0FDD
:10914000B054BB16C6F8EEF6FFD6DE916002CE56DE
:10915000E7B54DEC8F1F89FAEFB28EFB41B35F4547
:109160002353E49B75E13D4C6C7EF5836851D1F946
:10917000E2AB622A0895469D30370A2F0E241BDF8A
:10918000CD4E7FEA121D583436DCB45BA476B77D31
:1091900052DD5E13A6B900C140E379B6D48D677283
:1091A0009498B085BBC54FED869A66118AE904FE96
:1091B000A078254BA25D80053F2170F16377AF4217
:1091C00020E5FDBF811826C3BE35882E9355FC7A55
:1091D000C8BA32E6C0199EA344543B0B8CC76B2817
:1091E000A7BC16ADDB647414920C48B89FBD43C491
:1091F0003931D3F2D58B6EDA01B19C49D8ACF3CFBB
:10920000CAF447106FF04A5C38577397CBA1E83E19
:1092100096610D0FE07C71CC9006F71CC26AAE69B6
:1092200017993A27D9EB2B22D2A907332D3C15C920
:1092300087AA50A50359091A65D784D082295A1ED6
:109240007BA86D2CA584998D0DBDB1545003A97DCB
:109250001962E69A459D408715EBC90BEC67FDEA5C
:10926000BFF7965BC21CAE6A5A41024F5CF43408E9
:109270009373533F0C52655E28A10FB509369B3D91
:109280002669CD9F1B9E742E2DB2EEFBF64D61CE4E
:109290007B3E7197F568002C601FC8EDBE46D94B28
:1092A000DED4E84A6B2AE516C5D75594CF1006815F
:1092B000F044BAE3F3FEC08AADBC4804DFC1756375
:1092C000301A0E6D4C14352FE1A2CC3957F282477B
:1092D000ACE72B95A098D17F667EAB83CA29D33C9F
:1092E00079E21D763B564E1EDB0A6CE45D6EEFA6FE
:1092F000A8A4378B324359B78C64D2E0B4FA07255F
:10930000AF8EE918D5886F7224F1C751237C9C2158
:10931000DDDC86859042C4AAD8050112A35FF9D08E
:10932000915827B93813B333BB7089A7B62292205E
:1093300049FF787A8FF88017DA31C6B8C3B0771151
:10934000CBFCD63AFF000000000000000000000047
:10935000FFFF00000000000000000000000400000B
:10936000555555555555C53F7D6FEB0312D6D4BFA6
:109370005544880E55C1C93F3B8F68B52882A4BFAC
:1093800088B20175E0EF493F09F7FD0DE13D023F6D
:109390004B2D8A1C273A03C0C88A599CE52A0040F5
:1093A00059018D1B6C06E6BF82922EB1C5B8B33F42
:1093B0004C5555555555A53F7751C1166CC156BFF3
:1093C0009015CB19A001FA3EAD529C804F7E92BE03
:1093D000C4B1B4BD9EEE213ED43888BEE9FAA8BD22
:1093E00000004054FB21F93F3163621A61B4D03D63
:1093F0000000601A61B4D03D7370032E8A19A33B3C
:109400000000002E8A19A33BC14920259A837B398D
:1094100000000000000000006E83F9A22915444EF0
:10942000D15727FCC0DD34F5999562DB4190433C70
:10943000AB6351FE61C5BBDE3A6E24B7E0D24D424C
:10944000EA2E49061C92D1091CEB1DFE3EA729B14C
:10945000F53582E88444BB2E26709CE9417E5FB4DA
:1094600039D69139F43953838B5F849C3B28F9BDFD
:10947000FF97F81F0F9805DE8B112FEF1F6D0A5A0B
:10948000CF7E366DB709CB27663F464F2DEA5F9EEC
:10949000C7BA27757BF1E5EBF739073DEA92528AA7
:1094A000B15FFB6B085D8D1FA6F810111111813F94
:1094B000D561C119A0012ABF7DFEB157E31DC73E8A
:1094C000EB9C2B8AE6E55ABE7CD5CF5A3AD9E53DCE
:1094D000F09401080010002034010000240C000862
:1094E000689501083411002064330000967B010860
:1094F000811812894C0108C94E0108954F0108498D
:109500005001089D04411816595E01088D4A010852
:10951000F54B0108CD550108E9530108A5040422C3
:1095200080841E00141481828001848583028788D0
:1095300086038A8B890407068DE201DA0310111372
:10954000142342201399F71B08F9041351F81B0840
:10955000E5081331861408D5831B08910413A58BE5
:089560001408358539B40160DF
:04000005080000C12E
:00000001FF
